name,attempted_passes,big_chances_created,big_chances_missed,clearances_blocks_interceptions,completed_passes,dribbles,errors_leading_to_goal_attempt,fixture,fouls,id,key_passes,minutes,offside,open_play_crosses,opponent_team,penalties_conceded,penalties_missed,penalties_saved,recoveries,red_cards,round,saves,tackled,tackles,target_missed,team_a_score,team_h_score,transfers_in,yellow_cards
Aaron_Cresswell,0,0,0,0,0,0,0,320,0,18982,0,0,0,0,16,0,0,0,0,0,32,0,0,0,0,0,1,76,0
Aaron_Lennon,0,0,0,0,0,0,0,313,0,18670,0,0,0,0,8,0,0,0,0,0,32,0,0,0,0,2,4,7,0
Aaron_Ramsey,26,0,0,1,24,1,0,312,1,18544,1,32,0,0,5,0,0,0,2,0,32,0,1,0,0,0,3,32,0
Aaron_Wan-Bissaka,0,0,0,0,0,0,0,312,0,19140,0,0,0,0,1,0,0,0,0,0,32,0,0,0,0,0,3,5,0
Abdoulaye_Doucour�,26,0,0,1,24,0,0,318,0,19010,1,58,0,0,17,0,0,0,6,0,32,0,1,0,0,0,4,29,1
Abdul Rahman_Baba,0,0,0,0,0,0,0,311,0,18608,0,0,0,0,2,0,0,0,0,0,32,0,0,0,0,3,1,1,0
Abel_Hern�ndez,9,0,0,1,8,0,0,314,0,18691,0,33,0,0,10,0,0,0,0,0,32,0,1,1,0,1,3,5307,0
Adama_Diomande,0,0,0,0,0,0,0,314,0,18692,0,0,0,0,10,0,0,0,0,0,32,0,0,0,0,1,3,818,0
Adama_Traor�,4,0,0,0,4,4,0,315,1,19091,1,22,0,0,3,0,0,0,2,0,32,0,1,1,0,0,0,2371,0
Adam_Clayton,37,0,0,1,34,0,0,315,1,18811,1,90,0,2,3,0,0,0,8,0,32,0,4,0,0,0,0,706,0
Adam_Federici,0,0,0,0,0,0,0,311,0,18558,0,0,0,0,4,0,0,0,0,0,32,0,0,0,0,3,1,9,0
Adam_Forshaw,40,0,0,1,35,0,0,315,0,18814,0,90,0,0,3,0,0,0,5,0,32,0,4,0,0,0,0,112,0
Adam_Lallana,0,0,0,0,0,0,0,316,0,18733,0,0,0,0,14,0,0,0,0,0,32,0,0,0,0,2,1,544,0
Adam_Matthews,0,0,0,0,0,0,0,317,0,18873,0,0,0,0,11,0,0,0,0,0,32,0,0,0,0,3,0,4,0
Adam_Reach,0,0,0,0,0,0,0,315,0,18813,0,0,0,0,3,0,0,0,0,0,32,0,0,0,0,0,0,1,0
Adam_Smith,55,0,0,4,46,0,0,311,1,18562,0,90,0,0,4,0,0,0,4,0,32,0,2,3,1,3,1,4644,0
Ademola_Lookman,0,0,0,0,0,0,0,313,0,19155,0,0,0,0,8,0,0,0,0,0,32,0,0,0,0,2,4,19,0
Adl�ne_Gu�dioura,0,0,0,0,0,0,0,315,0,18943,0,0,0,0,3,0,0,0,0,0,32,0,0,0,0,0,0,12,0
Adnan_Januzaj,0,0,0,0,0,0,0,317,0,18789,0,0,0,0,11,0,0,0,0,0,32,0,0,0,0,3,0,26,0
Adrian_Mariappa,26,0,0,9,20,0,0,318,1,19084,0,90,0,0,17,0,0,0,1,0,32,0,0,4,0,0,4,108,0
Adri�n_San Miguel del Castillo,0,0,0,0,0,0,0,320,0,18978,0,0,0,0,16,0,0,0,0,0,32,0,0,0,0,0,1,49,0
Ahmed_Elmohamady,46,0,0,7,38,0,0,314,0,18686,0,90,0,0,10,0,0,0,8,0,32,0,2,4,0,1,3,125,0
Ahmed_Musa,10,0,0,0,8,0,0,313,0,18715,0,30,0,0,6,0,0,0,0,0,32,0,1,0,0,2,4,103,0
Aiden_O'Neill,0,0,0,0,0,0,0,315,0,19059,0,0,0,0,12,0,0,0,0,0,32,0,0,0,0,0,0,2,0
Ainsley_Maitland-Niles,0,0,0,0,0,0,0,312,0,19121,0,0,0,0,5,0,0,0,0,0,32,0,0,0,0,0,3,1,0
Alberto_Moreno,0,0,0,0,0,0,0,316,0,18720,0,0,0,0,14,0,0,0,0,0,32,0,0,0,0,2,1,50,0
Albert_Adomah,0,0,0,0,0,0,0,315,0,18809,0,0,0,0,3,0,0,0,0,0,32,0,0,0,0,0,0,12,0
Aleix_Garc�a Serrano,0,0,0,0,0,0,0,314,0,19106,0,0,0,0,7,0,0,0,0,0,32,0,0,0,0,1,3,8,0
Aleksandar_Kolarov,75,0,0,11,72,0,0,314,0,18748,0,90,0,0,7,0,0,0,3,0,32,0,0,1,0,1,3,1891,0
Alexander_Manninger,0,0,0,0,0,0,0,316,0,19052,0,0,0,0,14,0,0,0,0,0,32,0,0,0,0,2,1,37,0
Alexis_S�nchez,66,0,0,2,46,5,0,312,2,18540,1,90,0,0,5,0,0,0,1,0,32,0,5,0,1,0,3,13354,0
Alex_Baptiste,0,0,0,0,0,0,0,315,0,19050,0,0,0,0,3,0,0,0,0,0,32,0,0,0,0,0,0,5,0
Alex_Bruce,0,0,0,0,0,0,0,314,0,18682,0,0,0,0,10,0,0,0,0,0,32,0,0,0,0,1,3,17,0
Alex_Iwobi,0,0,0,0,0,0,0,312,0,18549,0,0,0,0,5,0,0,0,0,0,32,0,0,0,0,0,3,777,0
Alex_McCarthy,0,0,0,0,0,0,0,319,0,18629,0,0,0,0,19,0,0,0,0,0,32,0,0,0,0,1,0,10,0
Alex_Oxlade-Chamberlain,10,0,0,0,9,2,0,312,0,18546,1,22,0,0,5,0,0,0,0,0,32,0,0,0,1,0,3,462,0
Alex_Palmer,0,0,0,0,0,0,0,319,0,19129,0,0,0,0,13,0,0,0,0,0,32,0,0,0,0,1,0,1,0
Alex_Pike,0,0,0,0,0,0,0,320,0,19136,0,0,0,0,16,0,0,0,0,0,32,0,0,0,0,0,1,1,0
Alex_Pritchard,0,0,0,0,0,0,0,318,0,18929,0,0,0,0,18,0,0,0,0,0,32,0,0,0,0,0,4,2,0
Alfie_Mawson,47,0,0,8,34,3,1,320,1,19086,0,90,0,0,20,0,0,0,4,0,32,0,3,0,0,0,1,2176,0
Alfred_N'Diaye,38,0,0,7,30,2,0,314,1,19172,0,90,0,0,10,0,0,0,4,0,32,0,0,4,0,1,3,273,1
Allan-Rom�o_Nyom,24,0,0,4,16,1,0,319,0,18940,1,90,0,0,13,0,0,0,5,0,32,0,4,0,1,1,0,2102,0
Allan_McGregor,0,0,0,0,0,0,0,314,0,18674,0,0,0,0,10,0,0,0,0,0,32,0,0,0,0,1,3,3,0
Almen_Abdi,0,0,0,0,0,0,0,318,0,18945,0,0,0,0,17,0,0,0,0,0,32,0,0,0,0,0,4,0,0
Ander_Herrera,83,0,0,2,76,1,0,317,1,18790,2,90,0,0,15,0,0,0,9,0,32,0,2,0,2,3,0,1042,0
Andreas_Pereira,0,0,0,0,0,0,0,317,0,18791,0,0,0,0,15,0,0,0,0,0,32,0,0,0,0,3,0,0,0
Andrea_Ranocchia,22,0,0,8,16,0,0,314,0,19166,0,90,0,0,10,0,0,0,3,0,32,0,0,0,0,1,3,601,0
Andrew_Eleftheriou,0,0,0,0,0,0,0,318,0,19133,0,0,0,0,17,0,0,0,0,0,32,0,0,0,0,0,4,14,0
Andrew_Robertson,39,0,0,6,28,1,0,314,0,18680,0,90,0,0,10,0,0,0,10,0,32,0,3,3,0,1,3,2561,0
Andrew_Surman,0,0,0,0,0,0,0,311,0,18567,0,0,0,0,4,0,0,0,0,0,32,0,0,0,0,3,1,7,0
Andre_Gray,7,0,0,0,6,0,0,315,0,18596,0,61,1,0,12,0,0,0,1,0,32,0,0,0,0,0,0,9095,0
Andros_Townsend,26,0,0,2,16,4,0,312,2,18648,4,90,1,2,1,0,0,0,6,0,32,0,2,1,1,0,3,1046,0
Andr�_Ayew,29,0,0,1,21,0,0,320,0,18902,2,85,0,1,16,0,0,0,3,0,32,0,2,0,0,0,1,1107,1
Andy_Carroll,0,0,0,0,0,0,0,320,0,18996,0,0,0,0,16,0,0,0,0,0,32,0,0,0,0,0,1,14572,0
Andy_King,51,0,0,7,41,0,0,313,1,18706,0,90,0,0,6,0,0,0,4,0,32,0,1,3,0,2,4,90,1
Angelo_Ogbonna,0,0,0,0,0,0,0,320,0,18984,0,0,0,0,16,0,0,0,0,0,32,0,0,0,0,0,1,8,0
Angel_Rangel,0,0,0,0,0,0,0,320,0,18889,0,0,0,0,20,0,0,0,0,0,32,0,0,0,0,0,1,9,0
Anthony_Martial,10,0,0,0,10,1,0,317,1,18795,1,13,0,0,15,0,0,0,0,0,32,0,1,0,0,3,0,221,1
Antonio_Barrag�n,25,0,0,1,22,1,0,315,0,19005,1,90,0,1,3,0,0,0,5,0,32,0,0,0,0,0,0,3793,0
Antonio_Valencia,0,0,0,0,0,0,0,317,0,18778,0,0,0,0,15,0,0,0,0,0,32,0,0,0,0,3,0,25144,0
Arouna_Kon�,0,0,0,0,0,0,0,313,0,18672,0,0,0,0,8,0,0,0,0,0,32,0,0,0,0,2,4,55,0
Arthur_Masuaku,34,0,0,11,27,1,0,320,2,19033,0,90,0,0,16,0,0,0,9,0,32,0,0,1,0,0,1,77,0
Artur_Boruc,18,0,0,0,12,0,0,311,0,18557,0,90,0,0,4,0,0,0,7,0,32,3,0,0,0,3,1,1725,0
Ashley_Barnes,17,0,0,1,13,0,0,315,2,18598,1,90,1,0,12,0,0,0,3,0,32,0,2,1,1,0,0,15093,1
Ashley_Fletcher,0,0,0,0,0,0,0,320,0,19063,0,0,0,0,16,0,0,0,0,0,32,0,0,0,0,0,1,88,0
Ashley_Westwood,0,0,0,0,0,0,0,315,0,19169,0,0,0,0,12,0,0,0,0,0,32,0,0,0,0,0,0,2,0
Ashley_Williams,0,0,0,0,0,0,0,313,0,18887,0,0,0,0,8,0,0,0,0,0,32,0,0,0,0,2,4,1923,0
Ashley_Young,0,0,0,0,0,0,0,317,0,18788,0,0,0,0,15,0,0,0,0,0,32,0,0,0,0,3,0,69,0
Asmir_Begovic,0,0,0,0,0,0,0,311,0,18602,0,0,0,0,2,0,0,0,0,0,32,0,0,0,0,3,1,10,0
Axel_Tuanzebe,0,0,0,0,0,0,0,317,0,19184,0,0,0,0,15,0,0,0,0,0,32,0,0,0,0,3,0,27,0
Bacary_Sagna,0,0,0,0,0,0,0,314,0,18752,0,0,0,0,7,0,0,0,0,0,32,0,0,0,0,1,3,46,0
Baf�timbi_Gomis,0,0,0,0,0,0,0,320,0,18905,0,0,0,0,20,0,0,0,0,0,32,0,0,0,0,0,1,13,0
Baily_Cargill,0,0,0,0,0,0,0,311,0,19177,0,0,0,0,4,0,0,0,0,0,32,0,0,0,0,3,1,20,0
Bakary_Sako,0,0,0,0,0,0,0,312,0,18647,0,0,0,0,1,0,0,0,0,0,32,0,0,0,0,0,3,48,0
Bamidele_Alli,51,0,0,0,42,2,0,318,2,18926,2,90,0,0,18,0,0,0,3,0,32,0,7,4,0,0,4,105425,0
Bartosz_Kapustka,0,0,0,0,0,0,0,313,0,19025,0,0,0,0,6,0,0,0,0,0,32,0,0,0,0,2,4,3,0
Bastian_Schweinsteiger,0,0,0,0,0,0,0,317,0,18793,0,0,0,0,15,0,0,0,0,0,32,0,0,0,0,3,0,0,0
Benik_Afobe,17,0,0,0,16,0,0,311,0,18580,1,76,0,0,4,0,0,0,4,0,32,0,1,1,1,3,1,23473,0
Benjamin_Chilwell,39,0,0,8,29,1,0,313,0,19024,0,90,0,0,6,0,0,0,5,0,32,0,2,1,0,2,4,43,0
Ben_Davies,43,0,0,5,38,0,0,318,1,18914,0,90,0,0,18,0,0,0,2,0,32,0,0,0,0,0,4,23969,0
Ben_Foster,27,0,0,1,15,0,1,319,0,18958,0,90,0,0,13,0,0,0,6,0,32,2,0,0,0,1,0,2650,0
Ben_Gibson,74,0,0,8,64,1,0,315,0,18806,0,90,0,0,3,0,0,0,2,0,32,0,1,1,0,0,0,24635,0
Ben_Hamer,0,0,0,0,0,0,0,313,0,19111,0,0,0,0,6,0,0,0,0,0,32,0,0,0,0,2,4,3,0
Ben_Hinchcliffe,0,0,0,0,0,0,0,314,0,19073,0,0,0,0,10,0,0,0,0,0,32,0,0,0,0,1,3,59,0
Ben_Mee,42,0,0,6,35,0,0,315,1,18584,0,90,0,0,12,0,0,0,3,0,32,0,0,1,0,0,0,8306,0
Ben_Watson,0,0,0,0,0,0,0,318,0,18946,0,0,0,0,17,0,0,0,0,0,32,0,0,0,0,0,4,74,0
Ben_Woodburn,12,0,0,0,11,0,0,316,2,19131,0,45,0,0,14,0,0,0,1,0,32,0,5,2,0,2,1,37,0
Ben_Wynter,0,0,0,0,0,0,0,312,0,19113,0,0,0,0,1,0,0,0,0,0,32,0,0,0,0,0,3,30,0
Bernardo_Espinosa Z��iga,50,0,0,5,44,0,0,315,1,18808,0,82,0,0,3,0,0,0,4,0,32,0,0,0,0,0,0,460,0
Bertrand_Traore,0,0,0,0,0,0,0,311,0,18619,0,0,0,0,2,0,0,0,0,0,32,0,0,0,0,3,1,5,0
Billy_Jones,19,1,0,4,12,0,0,317,2,18871,1,90,0,1,11,0,0,0,3,0,32,0,0,0,0,3,0,42,0
Boaz_Myhill,0,0,0,0,0,0,0,319,0,18957,0,0,0,0,13,0,0,0,0,0,32,0,0,0,0,1,0,14,0
Bojan_Krkic,0,0,0,0,0,0,0,316,0,18863,0,0,0,0,9,0,0,0,0,0,32,0,0,0,0,2,1,7,0
Borja_Bast�n,0,0,0,0,0,0,0,320,0,19035,0,0,0,0,20,0,0,0,0,0,32,0,0,0,0,0,1,17,0
Bradley_Guzan,0,0,0,0,0,0,0,315,0,19018,0,0,0,0,3,0,0,0,0,0,32,0,0,0,0,0,0,55,0
Bradley_Smith,0,0,0,0,0,0,0,311,0,18725,0,0,0,0,4,0,0,0,0,0,32,0,0,0,0,3,1,558,0
Brandon_Mason,0,0,0,0,0,0,0,318,0,19149,0,0,0,0,17,0,0,0,0,0,32,0,0,0,0,0,4,40,0
Branislav_Ivanovic,0,0,0,0,0,0,0,311,0,18604,0,0,0,0,2,0,0,0,0,0,32,0,0,0,0,3,1,41,0
Brendan_Galloway,0,0,0,0,0,0,0,319,0,18657,0,0,0,0,13,0,0,0,0,0,32,0,0,0,0,1,0,58,0
Brian_Lenihan,0,0,0,0,0,0,0,314,0,18676,0,0,0,0,10,0,0,0,0,0,32,0,0,0,0,1,3,151,0
Brice_Dja Dj�dj�,0,0,0,0,0,0,0,318,0,19009,0,0,0,0,17,0,0,0,0,0,32,0,0,0,0,0,4,0,0
Bruno_Martins Indi,32,0,0,11,30,0,0,316,0,19090,0,90,0,0,9,0,0,0,8,0,32,0,0,2,1,2,1,830,0
Bryan_Oviedo,15,0,0,5,12,0,0,317,1,18668,0,38,0,1,11,0,0,0,7,0,32,0,0,1,0,3,0,283,0
Callum_McManaman,0,0,0,0,0,0,0,319,0,18971,0,0,0,0,13,0,0,0,0,0,32,0,0,0,0,1,0,0,0
Callum_Wilson,0,0,0,0,0,0,0,311,0,18577,0,0,0,0,4,0,0,0,0,0,32,0,0,0,0,3,1,28,0
Calum_Chambers,0,0,0,0,0,0,0,315,0,18539,0,0,0,0,3,0,0,0,0,0,32,0,0,0,0,0,0,438,0
Cameron_Borthwick-Jackson,0,0,0,0,0,0,0,317,0,18780,0,0,0,0,15,0,0,0,0,0,32,0,0,0,0,3,0,0,0
Cameron_Brannagan,0,0,0,0,0,0,0,316,0,18738,0,0,0,0,14,0,0,0,0,0,32,0,0,0,0,2,1,13,0
Cameron_Carter-Vickers,0,0,0,0,0,0,0,318,0,19029,0,0,0,0,18,0,0,0,0,0,32,0,0,0,0,0,4,15,0
Carlos_De Pena,0,0,0,0,0,0,0,315,0,18815,0,0,0,0,3,0,0,0,0,0,32,0,0,0,0,0,0,9,0
Carl_Jenkinson,0,0,0,0,0,0,0,312,0,18537,0,0,0,0,5,0,0,0,0,0,32,0,0,0,0,0,3,7,0
Carl_Stewart,0,0,0,0,0,0,0,318,0,19150,0,0,0,0,17,0,0,0,0,0,32,0,0,0,0,0,4,3,0
Cesc_F�bregas,2,0,0,1,2,0,0,311,0,18611,0,7,0,0,2,0,0,0,0,0,32,0,0,0,0,3,1,4151,0
Charlie_Adam,23,0,1,1,17,0,0,316,0,18856,0,54,0,0,9,0,0,0,3,0,32,0,2,1,0,2,1,149,0
Charlie_Austin,0,0,0,0,0,0,0,319,0,18842,0,0,0,0,19,0,0,0,0,0,32,0,0,0,0,1,0,53,0
Charlie_Daniels,60,0,0,3,54,2,0,311,0,18561,2,90,0,2,4,0,0,0,1,0,32,0,0,2,0,3,1,11345,0
Charlie_Rowan,0,0,0,0,0,0,0,318,0,19147,0,0,0,0,17,0,0,0,0,0,32,0,0,0,0,0,4,18,0
Cheikhou_Kouyat�,24,0,0,4,18,0,0,320,2,18987,0,90,0,0,16,0,0,0,4,0,32,0,0,0,0,0,1,192,1
Christian_Benteke,27,0,0,1,16,0,0,312,3,18741,1,90,2,0,1,0,0,0,2,0,32,0,5,0,3,0,3,55901,0
Christian_Eriksen,50,0,0,1,45,2,0,318,0,18922,4,90,0,0,18,0,0,0,5,0,32,0,0,0,1,0,4,95493,0
Christian_Fuchs,0,0,0,0,0,0,0,313,0,18696,0,0,0,0,6,0,0,0,0,0,32,0,0,0,0,2,4,8428,0
Christian_Kabasele,2,0,0,2,2,0,0,318,0,18942,0,7,0,0,17,0,0,0,0,0,32,0,0,0,0,0,4,8,0
Chris_Brunt,19,1,0,0,13,0,0,319,0,18966,1,38,0,2,13,0,0,0,2,0,32,0,0,0,0,1,0,2365,0
Chris_Long,0,0,0,0,0,0,0,315,0,18600,0,0,0,0,12,0,0,0,0,0,32,0,0,0,0,0,0,44,0
Chris_Smalling,0,0,0,0,0,0,0,317,0,18772,0,0,0,0,15,0,0,0,0,0,32,0,0,0,0,3,0,72,0
Chuba_Akpom,0,0,0,0,0,0,0,312,0,19021,0,0,0,0,5,0,0,0,0,0,32,0,0,0,0,0,3,2,0
Chung-yong_Lee,0,0,0,0,0,0,0,312,0,18645,0,0,0,0,1,0,0,0,0,0,32,0,0,0,0,0,3,310,0
Claudio_Bravo,36,0,0,1,31,0,0,314,0,19069,0,90,0,0,7,0,0,0,9,0,32,0,0,0,0,1,3,259,0
Claudio_Yacob,0,0,0,0,0,0,0,319,0,18970,0,0,0,0,13,0,0,0,0,0,32,0,0,0,0,1,0,161,0
Clinton_N'Jie,0,0,0,0,0,0,0,318,0,18932,0,0,0,0,18,0,0,0,0,0,32,0,0,0,0,0,4,7,0
Connor_Randall,0,0,0,0,0,0,0,316,0,18724,0,0,0,0,14,0,0,0,0,0,32,0,0,0,0,2,1,275,0
Connor_Roberts,0,0,0,0,0,0,0,320,0,19182,0,0,0,0,20,0,0,0,0,0,32,0,0,0,0,0,1,36,0
Connor_Wickham,0,0,0,0,0,0,0,312,0,18650,0,0,0,0,1,0,0,0,0,0,32,0,0,0,0,0,3,17,0
Costel_Pantilimon,0,0,0,0,0,0,0,318,0,18934,0,0,0,0,17,0,0,0,0,0,32,0,0,0,0,0,4,22,0
Craig_Cathcart,26,0,0,8,21,1,0,318,1,18936,0,90,0,0,17,0,0,0,4,0,32,0,0,2,1,0,4,7304,0
Craig_Dawson,37,0,1,9,27,0,0,319,3,18961,0,90,0,0,13,0,0,0,10,0,32,0,1,0,0,1,0,9347,0
Craig_Gardner,0,0,0,0,0,0,0,319,0,18968,0,0,0,0,13,0,0,0,0,0,32,0,0,0,0,1,0,2,0
Cristhian_Stuani,11,0,0,0,10,0,0,315,0,18821,0,57,1,0,3,0,0,0,0,0,32,0,3,0,0,0,0,1179,0
Cristian_Gamboa,0,0,0,0,0,0,0,319,0,18963,0,0,0,0,13,0,0,0,0,0,32,0,0,0,0,1,0,2,0
Cuco_Martina,0,0,0,0,0,0,0,319,0,18830,0,0,0,0,19,0,0,0,0,0,32,0,0,0,0,1,0,28,0
Curtis_Davies,0,0,0,0,0,0,0,314,0,18677,0,0,0,0,10,0,0,0,0,0,32,0,0,0,0,1,3,71,0
C�dric_Soares,59,0,0,4,41,0,0,319,3,18829,1,90,0,2,19,0,0,0,7,0,32,0,0,3,0,1,0,4554,1
C�sar_Azpilicueta,65,1,0,7,60,1,0,311,0,18605,1,90,0,0,2,0,0,0,7,0,32,0,0,2,0,3,1,7533,0
Dael_Fry,0,0,0,0,0,0,0,315,0,18805,0,0,0,0,3,0,0,0,0,0,32,0,0,0,0,0,0,35,0
Daley_Blind,24,0,0,2,23,1,0,317,1,18782,1,30,0,0,15,0,0,0,2,0,32,0,0,1,0,3,0,1909,0
Damian Emiliano_Martinez,19,0,0,0,11,0,0,312,1,19185,0,90,0,0,5,1,0,0,9,0,32,3,0,0,0,0,3,3307,0
Damien_Delaney,1,0,0,2,0,0,0,312,0,18635,0,3,0,0,1,0,0,0,0,0,32,0,0,0,0,0,3,52,0
Daniel_Agyei,0,0,0,0,0,0,0,315,0,19179,0,0,0,0,12,0,0,0,0,0,32,0,0,0,0,0,0,59,0
Daniel_Amartey,40,0,0,6,34,0,0,313,1,18710,0,90,0,0,6,0,0,0,9,0,32,0,0,3,0,2,4,75,0
Daniel_Ayala,49,0,0,11,40,0,0,315,1,18803,0,90,0,0,3,0,0,0,5,0,32,0,0,0,1,0,0,32,0
Daniel_Drinkwater,72,0,0,8,60,2,0,313,1,18707,0,90,0,0,6,0,0,0,5,0,32,0,1,0,0,2,4,794,0
Daniel_James,0,0,0,0,0,0,0,320,0,19126,0,0,0,0,20,0,0,0,0,0,32,0,0,0,0,0,1,7,0
Daniel_Lafferty,0,0,0,0,0,0,0,315,0,19030,0,0,0,0,12,0,0,0,0,0,32,0,0,0,0,0,0,3,0
Daniel_Sturridge,7,0,0,0,5,0,0,316,0,18742,1,23,0,0,14,0,0,0,0,0,32,0,1,0,0,2,1,263,0
Danny_Ings,0,0,0,0,0,0,0,316,0,18744,0,0,0,0,14,0,0,0,0,0,32,0,0,0,0,2,1,29,0
Danny_Rose,0,0,0,0,0,0,0,318,0,18911,0,0,0,0,18,0,0,0,0,0,32,0,0,0,0,0,4,414,0
Danny_Simpson,0,0,0,0,0,0,0,313,0,18700,0,0,0,0,6,0,0,0,0,0,32,0,0,0,0,2,4,24401,0
Danny_Welbeck,13,0,0,1,13,1,0,312,0,18554,0,59,0,0,5,0,0,0,1,0,32,0,1,0,1,0,3,3887,0
Dan_Gosling,0,0,0,0,0,0,0,311,0,18571,0,0,0,0,4,0,0,0,0,0,32,0,0,0,0,3,1,8,0
Darren_Fletcher,25,0,0,2,18,1,0,319,2,18967,0,65,0,0,13,0,0,0,3,0,32,0,1,0,0,1,0,8106,0
Darren_Randolph,26,0,0,0,14,0,0,320,0,18979,0,90,0,0,16,0,0,0,5,0,32,1,0,0,0,0,1,1251,1
Darron_Gibson,0,0,0,0,0,0,0,317,0,18666,0,0,0,0,11,0,0,0,0,0,32,0,0,0,0,3,0,47,0
Daryl_Janmaat,31,0,0,3,22,1,0,318,0,19068,0,90,0,0,17,0,0,0,2,0,32,0,0,0,1,0,4,101,0
David_de Gea,0,0,0,0,0,0,0,317,0,18770,0,0,0,0,15,0,0,0,0,0,32,0,0,0,0,3,0,13788,0
David_Jones,0,0,0,0,0,0,0,315,0,18589,0,0,0,0,12,0,0,0,0,0,32,0,0,0,0,0,0,1,0
David_Luiz Moreira Marinho,66,0,0,8,59,0,0,311,1,19098,0,90,0,0,2,0,0,0,3,0,32,0,0,1,0,3,1,3917,0
David_Marshall,0,0,0,0,0,0,0,314,0,19082,0,0,0,0,10,0,0,0,0,0,32,0,0,0,0,1,3,6,0
David_Meyler,0,0,0,0,0,0,0,314,0,18689,0,0,0,0,10,0,0,0,0,0,32,0,0,0,0,1,3,21,0
David_Nugent,0,0,0,0,0,0,0,315,0,18819,0,0,0,0,3,0,0,0,0,0,32,0,0,0,0,0,0,11,0
David_Ospina,0,0,0,0,0,0,0,312,0,18529,0,0,0,0,5,0,0,0,0,0,32,0,0,0,0,0,3,82,0
David_Silva,60,0,0,0,54,0,0,314,1,18758,3,72,0,0,7,0,0,0,7,0,32,0,2,2,1,1,3,9317,0
DeAndre_Yedlin,0,0,0,0,0,0,0,318,0,18917,0,0,0,0,18,0,0,0,0,0,32,0,0,0,0,0,4,3,0
Dean_Marney,0,0,0,0,0,0,0,315,0,18592,0,0,0,0,12,0,0,0,0,0,32,0,0,0,0,0,0,31,0
Declan_Rice,0,0,0,0,0,0,0,320,0,19146,0,0,0,0,16,0,0,0,0,0,32,0,0,0,0,0,1,26,0
Dejan_Lovren,52,0,0,7,40,0,1,316,1,18719,1,90,0,1,14,0,0,0,5,0,32,0,0,1,1,2,1,3754,0
Demarai_Gray,11,1,0,3,7,3,0,313,1,18709,1,60,0,0,6,0,0,0,3,0,32,0,3,1,0,2,4,786,0
Diafra_Sakho,0,0,0,0,0,0,0,320,0,18998,0,0,0,0,16,0,0,0,0,0,32,0,0,0,0,0,1,415,0
Didier_Ndong,32,0,0,4,24,1,0,317,2,19087,2,90,0,0,11,0,0,0,8,0,32,0,2,4,0,3,0,44,1
Diego_Da Silva Costa,30,0,0,2,23,1,0,311,1,18625,0,90,0,0,2,0,0,0,6,0,32,0,6,0,2,3,1,14309,0
Dieumerci_Mbokani,0,0,0,0,0,0,0,314,0,19097,0,0,0,0,10,0,0,0,0,0,32,0,0,0,0,1,3,11,0
Dimitrios_Konstantopoulos,0,0,0,0,0,0,0,315,0,18801,0,0,0,0,3,0,0,0,0,0,32,0,0,0,0,0,0,8,0
Dimitri_Payet,0,0,0,0,0,0,0,320,0,18989,0,0,0,0,16,0,0,0,0,0,32,0,0,0,0,0,1,18,0
Dionatan do Nascimento_Teixeira,0,0,0,0,0,0,0,316,0,18854,0,0,0,0,9,0,0,0,0,0,32,0,0,0,0,2,1,5,0
Dion_Pereira,0,0,0,0,0,0,0,318,0,19187,0,0,0,0,17,0,0,0,0,0,32,0,0,0,0,0,4,33,0
Divock_Origi,7,0,0,0,5,1,0,316,1,18745,0,67,1,0,14,0,0,0,0,0,32,0,3,0,3,2,1,104756,0
Domingos_Quina,0,0,0,0,0,0,0,320,0,19138,0,0,0,0,16,0,0,0,0,0,32,0,0,0,0,0,1,5,0
Dominic_Calvert-Lewin,0,0,0,0,0,0,0,313,0,19123,0,0,0,0,8,0,0,0,0,0,32,0,0,0,0,2,4,922,0
Dominic_Solanke,0,0,0,0,0,0,0,311,0,19118,0,0,0,0,2,0,0,0,0,0,32,0,0,0,0,3,1,19,0
Donald_Love,0,0,0,0,0,0,0,317,0,19034,0,0,0,0,11,0,0,0,0,0,32,0,0,0,0,3,0,712,0
Duncan_Watmore,0,0,0,0,0,0,0,317,0,18881,0,0,0,0,11,0,0,0,0,0,32,0,0,0,0,3,0,4,0
Dusan_Kuciak,0,0,0,0,0,0,0,314,0,19045,0,0,0,0,10,0,0,0,0,0,32,0,0,0,0,1,3,9,0
Dusan_Tadic,42,0,0,3,35,0,0,319,0,18836,3,90,0,0,19,0,0,0,6,0,32,0,5,3,2,1,0,775,0
Eden_Hazard,47,0,1,1,44,3,0,311,1,18610,5,83,0,0,2,0,0,0,4,0,32,0,3,1,1,3,1,94742,0
Edimilson_Fernandes,2,0,0,1,2,0,0,320,0,19070,0,5,1,0,16,0,0,0,1,0,32,0,1,1,0,0,1,13,0
Eldin_Jakupovic,31,0,0,2,13,0,0,314,0,18675,0,90,0,0,10,0,0,0,8,0,32,6,0,0,0,1,3,1975,0
Eliaquim_Mangala,0,0,0,0,0,0,0,314,0,18753,0,0,0,0,7,0,0,0,0,0,32,0,0,0,0,1,3,11,0
Elliot_Embleton,0,0,0,0,0,0,0,317,0,19145,0,0,0,0,11,0,0,0,0,0,32,0,0,0,0,3,0,11,0
Emerson_Hyndman,0,0,0,0,0,0,0,311,0,18573,0,0,0,0,4,0,0,0,0,0,32,0,0,0,0,3,1,0,0
Emilio_Nsue Lopez,0,0,0,0,0,0,0,315,0,18807,0,0,0,0,3,0,0,0,0,0,32,0,0,0,0,0,0,3,0
Emre_Can,52,0,0,2,38,0,0,316,1,18732,0,90,0,0,14,0,0,0,6,0,32,0,0,1,0,2,1,9837,0
Enner_Valencia,0,0,0,0,0,0,0,313,0,18997,0,0,0,0,8,0,0,0,0,0,32,0,0,0,0,2,4,932,0
Eric_Bailly,28,0,0,7,27,0,0,317,1,18783,0,90,0,0,15,0,0,0,3,0,32,0,0,0,1,3,0,13549,0
Eric_Dier,71,0,0,4,65,0,0,318,1,18918,0,90,0,0,18,0,0,0,7,0,32,0,0,2,0,0,4,3680,0
Erik_Lamela,0,0,0,0,0,0,0,318,0,18921,0,0,0,0,18,0,0,0,0,0,32,0,0,0,0,0,4,49,0
Erik_Pieters,45,0,0,5,33,1,0,316,1,18849,0,90,0,0,9,0,0,0,5,0,32,0,1,0,0,2,1,6803,0
Ethan_Robson,0,0,0,0,0,0,0,317,0,19143,0,0,0,0,11,0,0,0,0,0,32,0,0,0,0,3,0,5,0
Etienne_Capoue,0,0,0,0,0,0,0,318,0,18944,0,0,0,0,17,0,0,0,0,0,32,0,0,0,0,0,4,4834,0
Eunan_O'Kane,0,0,0,0,0,0,0,311,0,18568,0,0,0,0,4,0,0,0,0,0,32,0,0,0,0,3,1,2,0
Evandro_Goebel,18,0,0,0,14,1,0,314,2,19158,0,57,0,0,10,0,0,0,3,0,32,0,0,4,1,1,3,6,1
Ezekiel_Fryers,0,0,0,0,0,0,0,312,0,19108,0,0,0,0,1,0,0,0,0,0,32,0,0,0,0,0,3,4,0
Fabian_Delph,80,0,0,4,75,0,0,314,1,18755,1,90,0,0,7,0,0,0,3,0,32,0,0,0,2,1,3,82,0
Fabio Pereira_da Silva,0,0,0,0,0,0,0,315,0,19055,0,0,0,0,3,0,0,0,0,0,32,0,0,0,0,0,0,74,0
Fabio_Borini,6,0,0,2,6,1,0,317,0,18882,0,25,0,0,11,0,0,0,2,0,32,0,2,0,0,3,0,412,0
Federico_Fern�ndez,44,0,0,3,34,0,1,320,1,18891,0,90,0,0,20,0,0,0,4,0,32,0,0,0,1,0,1,1791,1
Fernando Francisco_Reges,13,0,0,1,11,0,0,314,0,18762,0,17,0,0,7,0,0,0,0,0,32,0,0,0,0,1,3,68,0
Fernando_Llorente,21,0,0,1,13,0,0,320,0,19028,0,45,0,0,20,0,0,0,0,0,32,0,1,0,0,0,1,3579,0
Fernando_Luiz Rosa,0,0,0,0,0,0,0,314,0,18761,0,0,0,0,7,0,0,0,0,0,32,0,0,0,0,1,3,736,0
Florin_Gardos,0,0,0,0,0,0,0,319,0,18828,0,0,0,0,19,0,0,0,0,0,32,0,0,0,0,1,0,18,0
Fraizer_Campbell,0,0,0,0,0,0,0,312,0,18649,0,0,0,0,1,0,0,0,0,0,32,0,0,0,0,0,3,172,0
Francis_Coquelin,0,0,0,0,0,0,0,312,0,18548,0,0,0,0,5,0,0,0,0,0,32,0,0,0,0,0,3,461,0
Franck_Tabanou,0,0,0,0,0,0,0,320,0,18892,0,0,0,0,20,0,0,0,0,0,32,0,0,0,0,0,1,3,0
Fraser_Forster,24,0,0,4,17,0,0,319,0,18822,0,90,0,0,19,0,0,0,3,0,32,6,0,0,0,1,0,1009,1
Fredrik_Ulvestad,0,0,0,0,0,0,0,315,0,18593,0,0,0,0,12,0,0,0,0,0,32,0,0,0,0,0,0,1,0
Gabriel Armando_de Abreu,72,0,0,6,68,0,1,312,0,18533,0,90,0,0,5,0,0,0,10,0,32,0,0,0,0,0,3,2888,0
Gabriel Fernando_de Jesus,0,0,0,0,0,0,0,314,0,19153,0,0,0,0,7,0,0,0,0,0,32,0,0,0,0,1,3,282,0
Gareth_Barry,6,0,0,3,4,0,0,313,0,18665,0,18,0,0,8,0,0,0,1,0,32,0,0,0,0,2,4,1138,0
Gareth_McAuley,13,0,0,7,11,0,0,319,0,18964,0,52,0,0,13,0,0,0,2,0,32,0,0,0,0,1,0,20615,0
Gary_Cahill,58,0,0,9,54,0,0,311,1,18606,0,90,0,0,2,0,0,0,4,0,32,0,2,0,0,3,1,11770,0
Gast�n_Ram�rez,0,0,0,0,0,0,0,315,0,19019,0,0,0,0,3,0,0,0,0,0,32,0,0,0,0,0,0,60,0
Ga�l_Clichy,64,0,0,2,55,1,0,314,0,18751,1,90,0,0,7,0,0,0,6,0,32,0,0,3,0,1,3,3593,0
Geoff_Cameron,40,0,0,3,28,2,0,316,2,18848,0,90,0,0,9,0,0,0,6,0,32,0,3,1,0,2,1,474,0
Georges-K�vin_Nkoudou,0,0,0,0,0,0,0,318,0,19093,0,0,0,0,18,0,0,0,0,0,32,0,0,0,0,0,4,15,0
George_Boyd,27,0,0,2,23,0,0,315,0,18590,0,90,0,0,12,0,0,0,6,0,32,0,2,4,1,0,0,1500,0
George_Friend,0,0,0,0,0,0,0,315,0,18804,0,0,0,0,3,0,0,0,0,0,32,0,0,0,0,0,0,42,0
George_Honeyman,0,0,0,0,0,0,0,317,0,19115,0,0,0,0,11,0,0,0,0,0,32,0,0,0,0,3,0,0,0
Georginio_Wijnaldum,48,0,0,0,43,1,1,316,1,19013,1,90,1,0,14,0,0,0,11,0,32,0,4,0,1,2,1,4205,0
Gerard_Deulofeu,0,0,0,0,0,0,0,313,0,18669,0,0,0,0,8,0,0,0,0,0,32,0,0,0,0,2,4,11,0
Giannelli_Imbula,0,0,0,0,0,0,0,316,0,18862,0,0,0,0,9,0,0,0,0,0,32,0,0,0,0,2,1,10,0
Giedrius_Arlauskis,0,0,0,0,0,0,0,318,0,19167,0,0,0,0,17,0,0,0,0,0,32,0,0,0,0,0,4,21,0
Glenn_Whelan,14,0,0,0,11,1,0,316,0,18857,0,23,0,0,9,0,0,0,3,0,32,0,1,0,0,2,1,660,0
Glen_Johnson,34,0,0,4,28,1,0,316,0,18853,0,90,0,0,9,0,0,0,4,0,32,0,1,1,0,2,1,25,0
Gnegneri Yaya_Tour�,101,0,0,0,93,0,0,314,0,18759,0,73,0,0,7,0,0,0,3,0,32,0,1,1,2,1,3,220,0
Granit_Xhaka,107,0,0,4,94,2,0,312,0,18552,4,90,0,0,5,0,0,0,8,0,32,0,3,2,0,0,3,900,0
Grant_Leadbitter,63,0,0,4,57,0,0,315,1,18812,2,90,0,2,3,0,0,0,11,0,32,0,0,4,1,0,0,16,0
Greg_Luer,0,0,0,0,0,0,0,314,0,19046,0,0,0,0,10,0,0,0,0,0,32,0,0,0,0,1,3,78,0
Greg_Olley,0,0,0,0,0,0,0,314,0,19042,0,0,0,0,10,0,0,0,0,0,32,0,0,0,0,1,3,120,0
Guillermo_Varela,0,0,0,0,0,0,0,317,0,18774,0,0,0,0,15,0,0,0,0,0,32,0,0,0,0,3,0,1,0
Gylfi_Sigurdsson,28,1,0,0,23,0,0,320,2,18896,2,90,0,0,20,0,0,0,0,0,32,0,3,0,0,0,1,14393,0
G�khan_Inler,0,0,0,0,0,0,0,313,0,18708,0,0,0,0,6,0,0,0,0,0,32,0,0,0,0,2,4,1,0
G�khan_T�re,0,0,0,0,0,0,0,320,0,18995,0,0,0,0,16,0,0,0,0,0,32,0,0,0,0,0,1,3,0
Hal_Robson-Kanu,8,0,0,0,6,0,0,319,0,19099,1,25,0,0,13,0,0,0,2,0,32,0,0,0,1,1,0,2165,0
Harrison_Reed,4,0,0,4,4,0,0,319,0,18835,0,6,0,0,19,0,0,0,2,0,32,0,0,0,0,1,0,17,0
Harry_Arter,99,0,0,4,90,0,0,311,4,18565,2,90,0,0,4,0,0,0,6,0,32,0,0,4,0,3,1,422,1
Harry_Kane,6,1,1,1,5,4,0,318,1,18931,1,30,0,0,18,0,0,0,1,0,32,0,1,0,1,0,4,42049,0
Harry_Lewis,0,0,0,0,0,0,0,319,0,19151,0,0,0,0,19,0,0,0,0,0,32,0,0,0,0,1,0,17,0
Harry_Maguire,0,0,0,0,0,0,0,314,0,18681,0,0,0,0,10,0,0,0,0,0,32,0,0,0,0,1,3,369,0
Harry_Wilson,0,0,0,0,0,0,0,316,0,19181,0,0,0,0,14,0,0,0,0,0,32,0,0,0,0,2,1,10,0
Harry_Winks,0,0,0,0,0,0,0,318,0,19041,0,0,0,0,18,0,0,0,0,0,32,0,0,0,0,0,4,13,0
Henrikh_Mkhitaryan,60,0,0,0,47,3,0,317,1,18796,0,77,0,0,15,0,0,0,7,0,32,0,5,1,0,3,0,1521,0
Heung-Min_Son,34,0,1,3,28,0,0,318,1,18930,1,87,0,0,18,0,0,0,5,0,32,0,3,1,2,0,4,45450,0
Heurelho_Gomes,27,0,0,0,14,0,0,318,0,18935,0,90,0,0,17,0,0,0,8,0,32,2,0,0,0,0,4,285,0
Hiram_Boateng,0,0,0,0,0,0,0,312,0,19071,0,0,0,0,1,0,0,0,0,0,32,0,0,0,0,0,3,4,0
Hugo_Lloris,23,0,0,2,19,0,0,318,0,18908,1,90,0,0,18,0,0,0,6,0,32,2,0,0,0,0,4,2449,0
H�vard_Nordtveit,0,0,0,0,0,0,0,320,0,18993,0,0,0,0,16,0,0,0,0,0,32,0,0,0,0,0,1,1,0
H�ctor_Beller�n,49,0,0,3,44,3,0,312,2,18534,0,90,0,0,5,0,0,0,5,0,32,0,5,2,2,0,3,3431,0
Ibrahim_Afellay,0,0,0,0,0,0,0,316,0,18860,0,0,0,0,9,0,0,0,0,0,32,0,0,0,0,2,1,6,0
Idrissa_Gueye,87,0,0,5,78,0,0,313,0,19016,2,90,0,0,8,0,0,0,7,0,32,0,1,0,0,2,4,684,0
Ikechi_Anya,0,0,0,0,0,0,0,318,0,18947,0,0,0,0,17,0,0,0,0,0,32,0,0,0,0,0,4,3,0
Ilkay_G�ndogan,0,0,0,0,0,0,0,314,0,18764,0,0,0,0,7,0,0,0,0,0,32,0,0,0,0,1,3,17,0
Isaac_Success,24,0,0,1,21,6,0,318,2,18952,0,90,0,1,17,0,0,0,8,0,32,0,8,1,1,0,4,9,0
Islam_Slimani,21,0,0,0,16,0,0,313,4,19095,0,90,0,0,6,0,0,0,1,0,32,0,1,0,0,2,4,1420,0
Jack_Butland,0,0,0,0,0,0,0,316,0,18844,0,0,0,0,9,0,0,0,0,0,32,0,0,0,0,2,1,30,0
Jack_Cork,35,0,0,0,32,0,0,320,0,18895,0,64,0,0,20,0,0,0,3,0,32,0,1,2,0,0,1,51,0
Jack_Rodwell,26,0,0,4,20,1,0,317,2,18878,2,90,0,0,11,0,0,0,2,0,32,0,0,0,0,3,0,311,0
Jack_Rose,0,0,0,0,0,0,0,319,0,19076,0,0,0,0,13,0,0,0,0,0,32,0,0,0,0,1,0,34,0
Jack_Stephens,49,0,0,11,36,0,0,319,1,19032,1,90,0,0,19,0,0,0,12,0,32,0,0,2,0,1,0,12005,0
Jack_Wilshere,78,0,0,2,68,2,0,311,0,18545,2,90,0,0,4,0,0,0,11,0,32,0,1,1,0,3,1,125,0
Jake_Hesketh,0,0,0,0,0,0,0,319,0,19114,0,0,0,0,19,0,0,0,0,0,32,0,0,0,0,1,0,7,0
Jake_Livermore,47,1,0,1,40,1,0,319,0,18685,2,90,0,1,13,0,0,0,9,0,32,0,1,2,1,1,0,113,0
Jakob_Haugaard,0,0,0,0,0,0,0,316,0,18845,0,0,0,0,9,0,0,0,0,0,32,0,0,0,0,2,1,0,0
James_Chester,0,0,0,0,0,0,0,319,0,18965,0,0,0,0,13,0,0,0,0,0,32,0,0,0,0,1,0,1,0
James_Collins,24,0,0,13,18,0,0,320,0,18980,0,90,0,0,16,0,0,0,1,0,32,0,0,1,0,0,1,1071,0
James_Husband,0,0,0,0,0,0,0,315,0,19189,0,0,0,0,3,0,0,0,0,0,32,0,0,0,0,0,0,78,0
James_McArthur,4,0,0,2,1,0,0,312,0,18642,0,17,1,0,1,0,0,0,2,0,32,0,0,2,0,0,3,72,0
James_McCarthy,0,0,0,0,0,0,0,313,0,18664,0,0,0,0,8,0,0,0,0,0,32,0,0,0,0,2,4,9,0
James_McClean,12,0,0,0,8,0,0,319,1,18972,1,29,0,1,13,0,0,0,0,0,32,0,0,2,0,1,0,81,0
James_Milner,59,0,0,1,45,0,0,316,1,18736,2,90,0,1,14,0,0,0,5,0,32,0,1,0,1,2,1,10266,0
James_Morrison,46,0,0,2,39,2,0,319,0,18969,2,90,0,0,13,0,0,0,7,0,32,0,1,1,0,1,0,1275,0
James_Tarkowski,1,0,0,0,1,0,0,315,0,18587,0,1,0,0,12,0,0,0,0,0,32,0,0,0,0,0,0,146,0
James_Tomkins,0,0,0,0,0,0,0,312,0,18631,0,0,0,0,1,0,0,0,0,0,32,0,0,0,0,0,3,28,0
James_Ward-Prowse,42,0,0,0,38,0,0,319,0,18834,0,70,0,0,19,0,0,0,6,0,32,0,1,3,0,1,0,24650,0
James_Weir,0,0,0,0,0,0,0,314,0,19094,0,0,0,0,10,0,0,0,0,0,32,0,0,0,0,1,3,1,0
James_Wilson,0,0,0,0,0,0,0,317,0,18798,0,0,0,0,15,0,0,0,0,0,32,0,0,0,0,3,0,5,0
Jamie_Vardy,14,0,0,0,9,0,0,313,0,18712,1,60,0,0,6,0,0,0,1,0,32,0,2,0,0,2,4,45909,0
Jan_Kirchhoff,0,0,0,0,0,0,0,317,0,18875,0,0,0,0,11,0,0,0,0,0,32,0,0,0,0,3,0,33,0
Jan_Vertonghen,71,0,0,6,60,3,0,318,1,18913,0,90,0,0,18,0,0,0,4,0,32,0,0,2,0,0,4,20004,0
Jarrod_Bowen,0,0,0,0,0,0,0,314,0,19044,0,0,0,0,10,0,0,0,0,0,32,0,0,0,0,1,3,48,0
Jason_Denayer,10,0,0,11,9,0,0,317,0,19004,0,90,0,0,11,0,0,0,5,0,32,0,0,1,0,3,0,31,0
Jason_Puncheon,27,0,0,4,18,0,0,312,1,18638,0,90,0,0,1,0,0,0,12,0,32,0,1,2,0,0,3,420,0
Javier_Manquillo,10,0,0,4,9,1,0,317,1,19066,0,52,0,0,11,0,0,0,3,0,32,0,3,2,1,3,0,6,0
Jay_Fulton,0,0,0,0,0,0,0,320,0,18899,0,0,0,0,20,0,0,0,0,0,32,0,0,0,0,0,1,4,0
Jay_Rodriguez,0,0,0,0,0,0,0,319,0,18839,0,0,0,0,19,0,0,0,0,0,32,0,0,0,0,1,0,126,0
Jefferson_Montero,6,0,0,0,5,1,0,320,0,18901,0,26,0,0,20,0,0,0,1,0,32,0,2,1,0,0,1,13,0
Jeffrey_Schlupp,15,0,0,8,10,0,0,312,0,18697,2,90,0,1,1,0,0,0,3,0,32,0,1,1,0,0,3,200,0
Jeff_Hendrick,37,0,0,3,27,1,0,315,3,19088,0,90,0,0,12,0,0,0,3,0,32,0,1,0,0,0,0,204,0
Jeff_Reine-Adelaide,0,0,0,0,0,0,0,312,0,19116,0,0,0,0,5,0,0,0,0,0,32,0,0,0,0,0,3,6,0
Jeremain_Lens,0,0,0,0,0,0,0,317,0,18879,0,0,0,0,11,0,0,0,0,0,32,0,0,0,0,3,0,3,0
Jermain_Defoe,8,0,0,0,7,2,0,317,1,18883,0,90,1,0,11,0,0,0,1,0,32,0,1,1,2,3,0,9975,0
Jerome_Sinclair,0,0,0,0,0,0,0,318,0,18956,0,0,0,0,17,0,0,0,0,0,32,0,0,0,0,0,4,18,0
Jesse_Lingard,39,0,0,0,35,1,0,317,3,18794,1,63,0,0,15,0,0,0,4,0,32,0,3,0,0,3,0,5258,1
Jes�s_Navas,62,0,0,5,58,2,0,314,0,18760,2,90,0,3,7,0,0,0,5,0,32,0,0,3,0,1,3,269,0
Joel Dinis_Castro Pereira,0,0,0,0,0,0,0,317,0,19190,0,0,0,0,15,0,0,0,0,0,32,0,0,0,0,3,0,0,0
Joel_Asoro,0,0,0,0,0,0,0,317,0,19049,0,0,0,0,11,0,0,0,0,0,32,0,0,0,0,3,0,4,0
Joel_Campbell,0,0,0,0,0,0,0,312,0,18551,0,0,0,0,5,0,0,0,0,0,32,0,0,0,0,0,3,1,0
Joel_Matip,57,0,0,5,50,0,0,316,0,18727,0,90,0,0,14,0,0,0,6,0,32,0,1,0,0,2,1,858,0
Joel_Robles,25,0,0,1,15,0,0,313,0,18651,0,90,0,0,8,0,0,0,3,0,32,2,0,0,0,2,4,1846,0
Joel_Taylor,0,0,0,0,0,0,0,316,0,19159,0,0,0,0,9,0,0,0,0,0,32,0,0,0,0,2,1,5,0
Joel_Ward,9,0,0,9,6,0,1,312,0,18633,0,90,0,0,1,0,0,0,3,0,32,0,0,0,0,0,3,828,0
Joey_Barton,41,0,0,1,38,1,0,315,1,19154,0,90,0,0,12,0,0,0,11,0,32,0,1,2,0,0,0,164,0
Joe_Allen,20,0,0,2,18,0,0,316,0,18730,0,26,0,0,9,0,0,0,5,0,32,0,1,0,0,2,1,8500,0
Joe_Hart,0,0,0,0,0,0,0,314,0,18746,0,0,0,0,7,0,0,0,0,0,32,0,0,0,0,1,3,20,0
Joe_Ledley,0,0,0,0,0,0,0,312,0,18641,0,0,0,0,1,0,0,0,0,0,32,0,0,0,0,0,3,84,0
Joe_Williams,0,0,0,0,0,0,0,313,0,19186,0,0,0,0,8,0,0,0,0,0,32,0,0,0,0,2,4,13,0
Johann Berg_Gudmundsson,0,0,0,0,0,0,0,315,0,19001,0,0,0,0,12,0,0,0,0,0,32,0,0,0,0,0,0,5,0
John Obi_Mikel,0,0,0,0,0,0,0,311,0,18617,0,0,0,0,2,0,0,0,0,0,32,0,0,0,0,3,1,1,0
John_O'Shea,0,0,0,0,0,0,0,317,0,18870,0,0,0,0,11,0,0,0,0,0,32,0,0,0,0,3,0,48,0
John_Stones,75,0,0,15,70,2,0,314,0,18656,0,90,0,0,7,0,0,0,6,0,32,0,1,2,0,1,3,16826,0
John_Terry,0,0,0,0,0,0,0,311,0,18603,0,0,0,0,2,0,0,0,0,0,32,0,0,0,0,3,1,37,0
Joleon_Lescott,0,0,0,0,0,0,0,317,0,19163,0,0,0,0,11,0,0,0,0,0,32,0,0,0,0,3,0,801,0
Jonas_Olsson,0,0,0,0,0,0,0,319,0,18960,0,0,0,0,13,0,0,0,0,0,32,0,0,0,0,1,0,15,0
Jonathan_Benteke,0,0,0,0,0,0,0,312,0,19107,0,0,0,0,1,0,0,0,0,0,32,0,0,0,0,0,3,925,0
Jonathan_Calleri,13,0,1,0,7,2,0,320,1,19054,1,51,1,2,16,0,0,0,1,0,32,0,1,2,1,0,1,45,0
Jonathan_Leko,0,0,0,0,0,0,0,319,0,18973,0,0,0,0,13,0,0,0,0,0,32,0,0,0,0,1,0,246,0
Jonathan_Walters,19,0,0,1,11,0,0,316,1,18858,1,67,1,0,9,0,0,0,1,0,32,0,0,0,0,2,1,72,0
Jonathan_Williams,0,0,0,0,0,0,0,312,0,18644,0,0,0,0,1,0,0,0,0,0,32,0,0,0,0,0,3,4,0
Jonjoe_Kenny,0,0,0,0,0,0,0,313,0,19144,0,0,0,0,8,0,0,0,0,0,32,0,0,0,0,2,4,37,0
Jonny_Evans,44,0,0,12,34,0,0,319,1,18959,0,90,0,0,13,0,0,0,8,0,32,0,0,0,0,1,0,3099,1
Jon_Flanagan,0,0,0,0,0,0,0,315,0,18722,0,0,0,0,12,0,0,0,0,0,32,0,0,0,0,0,0,39,0
Jordan_Ayew,23,0,0,2,21,7,0,320,3,19170,0,90,0,2,20,0,0,0,6,0,32,0,6,0,0,0,1,2980,0
Jordan_Henderson,0,0,0,0,0,0,0,316,0,18729,0,0,0,0,14,0,0,0,0,0,32,0,0,0,0,2,1,59,0
Jordan_Pickford,43,0,0,1,16,0,0,317,0,18868,0,90,0,0,11,0,0,0,18,0,32,6,0,0,0,3,0,9985,0
Jordan_Rhodes,0,0,0,0,0,0,0,315,0,18820,0,0,0,0,3,0,0,0,0,0,32,0,0,0,0,0,0,2,0
Jordi_Amat,0,0,0,0,0,0,0,320,0,18890,0,0,0,0,20,0,0,0,0,0,32,0,0,0,0,0,1,2230,0
Jordon_Ibe,7,0,0,0,7,0,0,311,0,18574,0,20,0,0,4,0,0,0,0,0,32,0,3,0,0,3,1,40,0
Jordon_Mutch,0,0,0,0,0,0,0,312,0,18643,0,0,0,0,1,0,0,0,0,0,32,0,0,0,0,0,3,15,0
Jordy_Clasie,64,0,0,3,54,0,0,319,1,18837,0,84,0,0,19,0,0,0,8,0,32,0,0,0,0,1,0,10,0
Jose Angel_Esmoris Tasende,0,0,0,0,0,0,0,314,0,19026,0,0,0,0,7,0,0,0,0,0,32,0,0,0,0,1,3,0,0
Jose Luis_Mato Sanmart�n,0,0,0,0,0,0,0,316,0,18866,0,0,0,0,9,0,0,0,0,0,32,0,0,0,0,2,1,5,0
Joseph_Gomez,0,0,0,0,0,0,0,316,0,18723,0,0,0,0,14,0,0,0,0,0,32,0,0,0,0,2,1,9,0
Jose_Fonte,28,0,0,10,20,0,0,320,0,18825,0,90,0,0,16,0,0,0,2,0,32,0,0,0,0,0,1,959,0
Joshua_King,25,0,0,2,21,1,0,311,0,18576,1,90,0,1,4,0,0,0,8,0,32,0,2,3,1,3,1,56780,0
Joshua_Onomah,1,0,0,0,1,0,0,318,0,18927,0,3,0,0,18,0,0,0,1,0,32,0,0,0,0,0,4,109,0
Joshua_Sims,6,0,0,1,2,0,0,319,0,19132,0,20,0,0,19,0,0,0,2,0,32,0,1,0,0,1,0,297,0
Josh_Clackstone,0,0,0,0,0,0,0,314,0,19043,0,0,0,0,10,0,0,0,0,0,32,0,0,0,0,1,3,2,0
Josh_Cullen,0,0,0,0,0,0,0,320,0,18991,0,0,0,0,16,0,0,0,0,0,32,0,0,0,0,0,1,17,0
Josh_Maja,0,0,0,0,0,0,0,317,0,19141,0,0,0,0,11,0,0,0,0,0,32,0,0,0,0,3,0,139,0
Josh_Robson,0,0,0,0,0,0,0,317,0,19060,0,0,0,0,11,0,0,0,0,0,32,0,0,0,0,3,0,13,0
Josh_Tymon,0,0,0,0,0,0,0,314,0,19047,0,0,0,0,10,0,0,0,0,0,32,0,0,0,0,1,3,41,0
Jos�_Holebas,45,0,0,6,39,1,0,318,2,18939,2,90,0,1,17,0,0,0,5,0,32,0,2,1,0,0,4,2838,0
Juan Carlos_Paredes,0,0,0,0,0,0,0,318,0,18938,0,0,0,0,17,0,0,0,0,0,32,0,0,0,0,0,4,12,0
Juan_Cuadrado,0,0,0,0,0,0,0,311,0,18613,0,0,0,0,2,0,0,0,0,0,32,0,0,0,0,3,1,1,0
Juan_Mata,0,0,0,0,0,0,0,317,0,18784,0,0,0,0,15,0,0,0,0,0,32,0,0,0,0,3,0,172,0
Juan_Zu�iga,16,0,0,0,15,0,0,318,1,19007,0,32,0,0,17,0,0,0,2,0,32,0,1,0,0,0,4,122,0
Julian_Speroni,0,0,0,0,0,0,0,312,0,18627,0,0,0,0,1,0,0,0,0,0,32,0,0,0,0,0,3,12,0
Julien_de Sart,0,0,0,0,0,0,0,315,0,18816,0,0,0,0,3,0,0,0,0,0,32,0,0,0,0,0,0,1,0
Julien_Ngoy,0,0,0,0,0,0,0,316,0,19072,0,0,0,0,9,0,0,0,0,0,32,0,0,0,0,2,1,48,0
Junior_Stanislas,0,0,0,0,0,0,0,311,0,18570,0,0,0,0,4,0,0,0,0,0,32,0,0,0,0,3,1,295,0
J�r�my_Pied,0,0,0,0,0,0,0,319,0,19020,0,0,0,0,19,0,0,0,0,0,32,0,0,0,0,1,0,1,0
Kamil_Grosicki,20,0,0,0,16,0,0,314,0,19175,1,90,0,0,10,0,0,0,4,0,32,0,3,0,2,1,3,1147,0
Kane_Wilson,0,0,0,0,0,0,0,319,0,19038,0,0,0,0,13,0,0,0,0,0,32,0,0,0,0,1,0,64,0
Kasper_Schmeichel,27,0,0,0,9,0,0,313,0,18693,0,90,0,0,6,0,0,0,9,0,32,3,0,0,0,2,4,5688,0
Kelechi_Iheanacho,10,0,0,1,8,0,0,314,1,18769,0,18,0,0,7,0,0,0,1,0,32,0,0,0,0,1,3,279,0
Keshi_Anderson,0,0,0,0,0,0,0,312,0,19037,0,0,0,0,1,0,0,0,0,0,32,0,0,0,0,0,3,6,0
Kevin_De Bruyne,0,0,0,0,0,0,0,314,0,18763,0,0,0,0,7,0,0,0,0,0,32,0,0,0,0,1,3,9926,0
Kevin_Long,0,0,0,0,0,0,0,315,0,19122,0,0,0,0,12,0,0,0,0,0,32,0,0,0,0,0,0,29,0
Kevin_Mirallas,37,2,0,1,30,5,0,313,1,18661,4,90,0,1,8,0,0,0,4,0,32,0,5,2,0,2,4,2943,1
Kevin_Stewart,0,0,0,0,0,0,0,316,0,18726,0,0,0,0,14,0,0,0,0,0,32,0,0,0,0,2,1,13,0
Kevin_Wimmer,0,0,0,0,0,0,0,318,0,18916,0,0,0,0,18,0,0,0,0,0,32,0,0,0,0,0,4,13,0
Kieran_Gibbs,0,0,0,0,0,0,0,312,0,18535,0,0,0,0,5,0,0,0,0,0,32,0,0,0,0,0,3,56,0
Kieran_Trippier,30,1,0,4,22,0,0,318,3,18915,5,90,0,2,18,0,0,0,1,0,32,0,0,2,0,0,4,129,0
Kristoffer_Nordfeldt,0,0,0,0,0,0,0,320,0,18885,0,0,0,0,20,0,0,0,0,0,32,0,0,0,0,0,1,4198,0
Kurt_Zouma,0,0,0,0,0,0,0,311,0,18607,0,1,0,0,2,0,0,0,0,0,32,0,0,0,0,3,1,162,0
Kyle_Naughton,52,0,0,1,40,0,0,320,1,18886,0,90,0,0,20,0,0,0,6,0,32,0,2,1,0,0,1,1514,0
Kyle_Walker,0,0,0,0,0,0,0,318,0,18912,0,0,0,0,18,0,0,0,0,0,32,0,0,0,0,0,4,18128,0
Lamine_Kon�,23,0,0,6,15,1,0,317,1,18874,0,90,0,0,11,0,0,0,2,0,32,0,0,1,0,3,0,2111,0
Laurent_Koscielny,0,0,0,0,0,0,0,312,0,18531,0,0,0,0,5,0,0,0,0,0,32,0,0,0,0,0,3,327,0
Lazar_Markovic,36,0,0,3,30,0,0,314,2,18734,0,90,0,0,10,0,0,0,9,0,32,0,3,0,0,1,3,1230,0
Lee_Cattermole,14,0,0,4,12,2,0,317,1,18876,0,65,0,0,11,0,0,0,1,0,32,0,2,0,0,3,0,269,0
Lee_Grant,27,0,0,3,16,0,0,316,0,19102,0,90,0,0,9,0,0,0,7,0,32,2,0,1,0,2,1,6296,0
Leighton_Baines,42,0,0,5,32,1,0,313,2,18653,0,90,0,0,8,0,0,0,3,0,32,0,2,3,0,2,4,24435,1
Leiva_Lucas,0,0,0,0,0,0,0,316,0,18728,0,0,0,0,14,0,0,0,0,0,32,0,0,0,0,2,1,301,0
Leonardo_Ulloa,4,0,0,0,4,0,0,313,2,18713,0,13,0,0,6,0,0,0,1,0,32,0,0,0,0,2,4,32,0
Leon_Britton,0,0,0,0,0,0,0,320,0,18898,0,0,0,0,20,0,0,0,0,0,32,0,0,0,0,0,1,4,0
Leroy_Fer,44,0,1,1,38,2,0,320,2,18903,2,90,0,0,20,0,0,0,6,0,32,0,3,1,0,0,1,3331,0
Leroy_San�,24,0,1,1,19,1,0,314,1,19017,1,65,0,0,7,0,0,0,4,0,32,0,7,0,1,1,3,68687,0
Lewis_Cook,0,0,0,0,0,0,0,311,0,18575,0,0,0,0,4,0,0,0,0,0,32,0,0,0,0,3,1,524,0
Lewis_Grabban,0,0,0,0,0,0,0,311,0,18579,0,0,0,0,4,0,0,0,0,0,32,0,0,0,0,3,1,213,0
Lloyd_Isgrove,0,0,0,0,0,0,0,319,0,19112,0,0,0,0,19,0,0,0,0,0,32,0,0,0,0,1,0,12,0
Loris_Karius,0,0,0,0,0,0,0,316,0,18717,0,0,0,0,14,0,0,0,0,0,32,0,0,0,0,2,1,38,0
Lo�c_Remy,0,0,0,0,0,0,0,312,0,18626,0,0,0,0,1,0,0,0,0,0,32,0,0,0,0,0,3,22,0
Lucas_P�rez,0,0,0,0,0,0,0,312,0,19077,0,0,0,0,5,0,0,0,0,0,32,0,0,0,0,0,3,15,0
Luciano_Narsingh,14,0,0,0,12,2,0,320,1,19160,0,45,0,0,20,0,0,0,1,0,32,0,1,0,1,0,1,25,0
Luis_Hern�ndez,0,0,0,0,0,0,0,313,0,18703,0,0,0,0,6,0,0,0,0,0,32,0,0,0,0,2,4,3,0
Lukasz_Fabianski,30,0,0,0,20,0,0,320,0,18884,0,90,0,0,20,0,0,0,14,0,32,5,0,0,0,0,1,271,0
Lukas_Jutkiewicz,0,0,0,0,0,0,0,315,0,18597,0,0,0,0,12,0,0,0,0,0,32,0,0,0,0,0,0,100,0
Luka_Milivojevic,23,0,0,3,17,0,0,312,0,19174,0,81,0,0,1,0,0,0,6,0,32,0,0,2,1,0,3,35,0
Luke_Dreher,0,0,0,0,0,0,0,312,0,19109,0,0,0,0,1,0,0,0,0,0,32,0,0,0,0,0,3,14,0
Luke_McGee,0,0,0,0,0,0,0,318,0,19057,0,0,0,0,18,0,0,0,0,0,32,0,0,0,0,0,4,9,0
Luke_Shaw,36,1,0,5,31,1,0,317,2,18775,4,60,0,0,15,0,0,0,2,0,32,0,2,0,0,3,0,642,1
Lynden_Gooch,0,0,0,0,0,0,0,317,0,19048,0,0,0,0,11,0,0,0,0,0,32,0,0,0,0,3,0,97,0
Lys_Mousset,3,0,0,0,2,0,0,311,0,18581,1,14,0,0,4,0,0,0,0,0,32,0,1,0,0,3,1,9,0
M'Baye_Niang,25,0,0,2,20,4,0,318,2,19165,2,90,1,0,17,0,0,0,6,0,32,0,6,0,0,0,4,7066,0
Maarten_Stekelenburg,0,0,0,0,0,0,0,313,0,18652,0,0,0,0,8,0,0,0,0,0,32,0,0,0,0,2,4,58,0
Maksymilian_Stryjek,0,0,0,0,0,0,0,317,0,19075,0,0,0,0,11,0,0,0,0,0,32,0,0,0,0,3,0,17,0
Mamadou Obbi_Oular�,0,0,0,0,0,0,0,318,0,18955,0,0,0,0,17,0,0,0,0,0,32,0,0,0,0,0,4,1,0
Mamadou_Sakho,17,0,0,10,13,0,0,312,1,18718,2,90,0,0,1,0,0,0,7,0,32,0,0,0,0,0,3,4744,0
Mame Biram_Diouf,0,0,0,0,0,0,0,316,0,18865,0,0,0,0,9,0,0,0,0,0,32,0,0,0,0,2,1,84,0
Manolo_Gabbiadini,0,0,0,0,0,0,0,319,0,19171,0,0,0,0,19,0,0,0,0,0,32,0,0,0,0,1,0,2689,0
Manuel_Agudo Dur�n,14,0,0,1,11,0,0,314,2,18765,0,25,0,0,7,0,0,0,3,0,32,0,1,0,1,1,3,27,0
Manuel_Lanzini,55,1,0,3,46,2,0,320,1,18990,3,90,0,1,16,0,0,0,17,0,32,0,2,0,3,0,1,17328,1
Marcin_Wasilewski,0,0,0,0,0,0,0,313,0,18698,0,0,0,0,6,0,0,0,0,0,32,0,0,0,0,2,4,220,0
Marcos_Alonso,41,0,0,3,33,0,0,311,1,19089,0,90,0,0,2,0,0,0,5,0,32,0,4,3,1,3,1,9408,0
Marcos_Rojo,37,0,0,12,34,0,0,317,1,18776,0,90,0,0,15,0,0,0,2,0,32,0,0,1,0,3,0,4569,0
Marco_Van Ginkel,0,0,0,0,0,0,0,311,0,18621,0,0,0,0,2,0,0,0,0,0,32,0,0,0,0,3,1,2,0
Marcus_Browne,0,0,0,0,0,0,0,320,0,19137,0,0,0,0,16,0,0,0,0,0,32,0,0,0,0,0,1,0,0
Marcus_Rashford,13,0,0,0,10,0,0,317,0,18799,0,27,1,0,15,0,0,0,1,0,32,0,0,1,0,3,0,6555,0
Marc_Albrighton,25,0,0,5,15,2,0,313,0,18705,0,77,0,0,6,0,0,0,7,0,32,0,4,0,1,2,4,10653,0
Marc_Muniesa,0,0,0,0,0,0,0,316,0,18850,0,0,0,0,9,0,0,0,0,0,32,0,0,0,0,2,1,394,0
Marc_Pugh,29,0,0,1,25,0,0,311,0,18566,1,70,0,0,4,0,0,0,2,0,32,0,5,0,0,3,1,66,0
Marc_Wilson,0,0,0,0,0,0,0,319,0,18847,0,0,0,0,13,0,0,0,0,0,32,0,0,0,0,1,0,569,0
Mario_Balotelli,0,0,0,0,0,0,0,316,0,18743,0,0,0,0,14,0,0,0,0,0,32,0,0,0,0,2,1,19,0
Mario_Su�rez,0,0,0,0,0,0,0,318,0,18951,0,0,0,0,17,0,0,0,0,0,32,0,0,0,0,0,4,2,0
Marko_Arnautovic,25,1,1,3,21,1,0,316,0,18859,2,90,2,2,9,0,0,0,4,0,32,0,4,2,1,2,1,1302,0
Marko_Grujic,0,0,0,0,0,0,0,316,0,19003,0,0,0,0,14,0,0,0,0,0,32,0,0,0,0,2,1,26,0
Markus_Henriksen,13,0,0,2,12,0,0,314,1,19101,0,33,0,0,10,0,0,0,1,0,32,0,2,0,0,1,3,8,0
Mark_Noble,54,0,0,2,45,0,0,320,1,18986,1,90,0,0,16,0,0,0,5,0,32,0,0,0,0,0,1,100,1
Marouane_Fellaini,66,0,1,3,60,1,0,317,2,18785,3,90,0,0,15,0,0,0,8,0,32,0,0,0,0,3,0,367,1
Marten_de Roon,0,0,0,0,0,0,0,315,0,18818,0,0,0,0,3,0,0,0,0,0,32,0,0,0,0,0,0,16430,0
Martin_Kelly,14,0,0,12,8,0,0,312,0,18634,0,90,0,0,1,0,0,0,4,0,32,0,0,0,0,0,3,299,0
Martin_Olsson,32,0,0,2,23,0,1,320,1,19161,0,90,0,0,20,0,0,0,4,0,32,0,1,0,0,0,1,791,0
Mart�n_C�ceres,0,0,0,0,0,0,0,319,0,19180,0,0,0,0,19,0,0,0,0,0,32,0,0,0,0,1,0,35,0
Marvin_Emnes,0,0,0,0,0,0,0,320,0,18906,0,0,0,0,20,0,0,0,0,0,32,0,0,0,0,0,1,20,0
Mason_Holgate,48,0,0,0,35,0,0,313,0,19023,0,90,0,0,8,0,0,0,2,0,32,0,2,1,0,2,4,26287,0
Matej_Vydra,0,0,0,0,0,0,0,318,0,19011,0,0,0,0,17,0,0,0,0,0,32,0,0,0,0,0,4,6,0
Mateusz_Hewelt,0,0,0,0,0,0,0,313,0,19124,0,0,0,0,8,0,0,0,0,0,32,0,0,0,0,2,4,29,0
Mathieu_Debuchy,0,0,0,0,0,0,0,312,0,18536,0,0,0,0,5,0,0,0,0,0,32,0,0,0,0,0,3,25,0
Mathieu_Flamini,2,0,0,0,2,0,0,312,0,19104,0,9,0,0,1,0,0,0,1,0,32,0,0,1,0,0,3,369,0
Matteo_Darmian,40,0,0,14,33,1,0,317,3,18779,0,90,0,0,15,0,0,0,6,0,32,0,1,3,0,3,0,62,1
Matthew_James,0,0,0,0,0,0,0,313,0,19130,0,0,0,0,6,0,0,0,0,0,32,0,0,0,0,2,4,0,0
Matthew_Lowton,48,0,0,6,34,0,0,315,2,18583,1,90,0,1,12,0,0,0,7,0,32,0,0,0,0,0,0,3742,0
Matthew_Pennington,44,0,0,6,34,0,0,313,1,18659,0,90,0,0,8,0,0,0,4,0,32,0,0,0,0,2,4,4690,0
Matthew_Willock,0,0,0,0,0,0,0,317,0,19183,0,0,0,0,15,0,0,0,0,0,32,0,0,0,0,3,0,13,0
Matt_Macey,0,0,0,0,0,0,0,312,0,19188,0,0,0,0,5,0,0,0,0,0,32,0,0,0,0,0,3,44,0
Matt_Miazga,0,0,0,0,0,0,0,311,0,18609,0,0,0,0,2,0,0,0,0,0,32,0,0,0,0,3,1,1,0
Matt_Phillips,18,0,0,2,11,1,0,319,1,18974,0,61,0,0,13,0,0,0,4,0,32,0,5,0,1,1,0,9992,1
Matt_Targett,0,0,0,0,0,0,0,319,0,18827,0,0,0,0,19,0,0,0,0,0,32,0,0,0,0,1,0,7,0
Mauro_Z�rate,0,0,0,0,0,0,0,318,0,19164,0,0,0,0,17,0,0,0,0,0,32,0,0,0,0,0,4,13,0
Max_Gradel,4,0,0,0,2,0,0,311,0,18572,0,7,0,0,4,0,0,0,1,0,32,0,0,0,0,3,1,6,1
Maya_Yoshida,53,0,0,18,43,0,0,319,0,18826,0,90,0,0,19,0,0,0,7,0,32,0,0,0,0,1,0,21257,0
Memphis_Depay,0,0,0,0,0,0,0,317,0,18786,0,0,0,0,15,0,0,0,0,0,32,0,0,0,0,3,0,7,0
Mesut_�zil,83,0,0,1,73,3,0,312,0,18542,0,90,0,0,5,0,0,0,8,0,32,0,2,0,0,0,3,16097,0
Michael_Carrick,0,0,0,0,0,0,0,317,0,18787,0,0,0,0,15,0,0,0,0,0,32,0,0,0,0,3,0,7908,0
Michael_Dawson,21,0,0,14,17,0,0,314,1,18678,0,90,0,0,10,0,0,0,2,0,32,0,0,0,0,1,3,1965,0
Michael_Folivi,0,0,0,0,0,0,0,318,0,19148,0,0,0,0,17,0,0,0,0,0,32,0,0,0,0,0,4,6,0
Michael_Keane,40,0,0,4,33,0,0,315,1,18586,0,90,0,0,12,0,0,0,6,0,32,0,0,1,0,0,0,22867,1
Michael_Kightly,0,0,0,0,0,0,0,315,0,18594,0,0,0,0,12,0,0,0,0,0,32,0,0,0,0,0,0,32,0
Michael_Ledger,0,0,0,0,0,0,0,317,0,19152,0,0,0,0,11,0,0,0,0,0,32,0,0,0,0,3,0,3,0
Michael_Phillips,0,0,0,0,0,0,0,312,0,19134,0,0,0,0,1,0,0,0,0,0,32,0,0,0,0,0,3,14,0
Michael_Sim�es Domingues,0,0,0,0,0,0,0,317,0,19105,0,0,0,0,11,0,0,0,0,0,32,0,0,0,0,3,0,3,0
Michail_Antonio,6,0,0,1,5,1,0,320,1,18992,1,39,0,0,16,0,0,0,0,0,32,0,2,0,0,0,1,5737,0
Michel_Vorm,0,0,0,0,0,0,0,318,0,18909,0,0,0,0,18,0,0,0,0,0,32,0,0,0,0,0,4,137,0
Michy_Batshuayi,0,0,0,0,0,0,0,311,0,18624,0,0,0,0,2,0,0,0,0,0,32,0,0,0,0,3,1,28,0
Miguel_Britos,0,0,0,0,0,0,0,318,0,18941,0,0,0,0,17,0,0,0,0,0,32,0,0,0,0,0,4,945,0
Mike_van der Hoorn,0,0,0,0,0,0,0,320,0,18894,0,0,0,0,20,0,0,0,0,0,32,0,0,0,0,0,1,12,0
Mile_Jedinak,0,0,0,0,0,0,0,312,0,18640,0,0,0,0,1,0,0,0,0,0,32,0,0,0,0,0,3,7,0
Modou_Barrow,0,0,0,0,0,0,0,320,0,18907,0,0,0,0,20,0,0,0,0,0,32,0,0,0,0,0,1,10,0
Mohamed_Diam�,0,0,0,0,0,0,0,314,0,18687,0,0,0,0,10,0,0,0,0,0,32,0,0,0,0,1,3,3,0
Mohamed_Elneny,58,0,0,1,51,0,0,312,1,18550,0,58,0,0,5,0,0,0,4,0,32,0,2,0,1,0,3,209,0
Molla_Wagu�,0,0,0,0,0,0,0,313,0,19173,0,0,0,0,6,0,0,0,0,0,32,0,0,0,0,2,4,9,0
Morgan_Schneiderlin,67,0,0,4,59,0,0,313,0,18792,0,72,0,0,8,0,0,0,8,0,32,0,0,2,0,2,4,147,0
Moses_Odubajo,0,0,0,0,0,0,0,314,0,18679,0,0,0,0,10,0,0,0,0,0,32,0,0,0,0,1,3,12,0
Mouez_Hassen,0,0,0,0,0,0,0,319,0,19178,0,0,0,0,19,0,0,0,0,0,32,0,0,0,0,1,0,22,0
Mousa_Demb�l�,51,0,0,0,48,2,0,318,0,18919,1,74,0,1,18,0,0,0,1,0,32,0,1,0,0,0,4,962,0
Moussa_Sissoko,10,0,0,0,10,1,0,318,0,19100,0,16,0,0,18,0,0,0,1,0,32,0,0,0,0,0,4,46,0
Muhamed_Besic,0,0,0,0,0,0,0,313,0,18667,0,0,0,0,8,0,0,0,0,0,32,0,0,0,0,2,4,30,0
N'Golo_Kant�,58,1,0,6,52,1,0,311,3,18623,1,90,0,0,2,0,0,0,8,0,32,0,1,1,0,3,1,4086,1
Nabil_Bentaleb,0,0,0,0,0,0,0,318,0,18923,0,0,0,0,18,0,0,0,0,0,32,0,0,0,0,0,4,3,0
Nacer_Chadli,30,1,0,2,26,2,0,319,2,18920,2,90,0,2,13,0,0,0,5,0,32,0,4,1,1,1,0,2840,0
Nacho_Monreal,45,0,0,2,38,0,0,312,1,18538,1,90,1,0,5,0,0,0,8,0,32,0,0,2,0,0,3,2221,0
Nampalys_Mendy,0,0,0,0,0,0,0,313,0,18711,0,0,0,0,6,0,0,0,0,0,32,0,0,0,0,2,4,7,0
Nathaniel_Chalobah,0,0,0,0,0,0,0,311,0,19058,0,0,0,0,2,0,0,0,0,0,32,0,0,0,0,3,1,4,0
Nathaniel_Clyne,34,0,0,4,26,2,0,316,0,18721,1,90,0,0,14,0,0,0,9,0,32,0,1,5,0,2,1,3907,0
Nathan_Ak�,0,0,0,0,0,0,0,311,0,18564,0,0,0,0,2,0,0,0,0,0,32,0,0,0,0,3,1,10908,0
Nathan_Dyer,0,0,0,0,0,0,0,320,0,18904,0,0,0,0,20,0,0,0,0,0,32,0,0,0,0,0,1,7,0
Nathan_Redmond,30,1,0,0,25,2,0,319,1,18832,3,70,0,1,19,0,0,0,3,0,32,0,0,0,0,1,0,18405,0
Neil_Taylor,0,0,0,0,0,0,0,320,0,18888,0,0,0,0,20,0,0,0,0,0,32,0,0,0,0,0,1,13,0
Nemanja_Matic,66,0,0,3,58,0,0,311,1,18615,1,90,0,0,2,0,0,0,14,0,32,0,3,2,1,3,1,1079,0
Nick_Pope,0,0,0,0,0,0,0,315,0,18999,0,0,0,0,12,0,0,0,0,0,32,0,0,0,0,0,0,700,0
Nicol�s_Otamendi,0,0,0,0,0,0,0,314,0,18754,0,0,0,0,7,0,0,0,0,0,32,0,0,0,0,1,3,738,0
Noor_Husin,0,0,0,0,0,0,0,312,0,19139,0,0,0,0,1,0,0,0,0,0,32,0,0,0,0,0,3,0,0
Nordin_Amrabat,23,0,0,1,20,1,0,318,1,18950,0,69,0,0,17,0,0,0,3,0,32,0,2,0,0,0,4,48,0
Odion_Ighalo,0,0,0,0,0,0,0,318,0,18954,0,0,0,0,17,0,0,0,0,0,32,0,0,0,0,0,4,54,0
Olayinka Fredrick Oladotun_Ladapo,0,0,0,0,0,0,0,312,0,19036,0,0,0,0,1,0,0,0,0,0,32,0,0,0,0,0,3,0,0
Ola_Aina,0,0,0,0,0,0,0,311,0,19015,0,0,0,0,2,0,0,0,0,0,32,0,0,0,0,3,1,3,0
Oleksandr_Zinchenko,0,0,0,0,0,0,0,314,0,18766,0,0,0,0,7,0,0,0,0,0,32,0,0,0,0,1,3,0,0
Oliver_McBurnie,0,0,0,0,0,0,0,320,0,19074,0,0,0,0,20,0,0,0,0,0,32,0,0,0,0,0,1,68,0
Olivier_Giroud,11,0,0,0,7,0,0,312,0,18553,0,31,0,0,5,0,0,0,0,0,32,0,0,0,0,0,3,8047,0
Olufela_Olomola,0,0,0,0,0,0,0,319,0,19117,0,0,0,0,19,0,0,0,0,0,32,0,0,0,0,1,0,11,0
Oluwaseyi_Ojo,0,0,0,0,0,0,0,316,0,18735,0,0,0,0,14,0,0,0,0,0,32,0,0,0,0,2,1,7,0
Oluwatosin_Adarabioyo,0,0,0,0,0,0,0,314,0,19135,0,0,0,0,7,0,0,0,0,0,32,0,0,0,0,1,3,6,0
Omar_Elabdellaoui,0,0,0,0,0,0,0,314,0,19162,0,0,0,0,10,0,0,0,0,0,32,0,0,0,0,1,3,5,0
Oriol_Romeu Vidal,0,0,0,0,0,0,0,319,0,18838,0,0,0,0,19,0,0,0,0,0,32,0,0,0,0,1,0,69,0
Oscar_dos Santos Emboaba Junior,0,0,0,0,0,0,0,311,0,18612,0,0,0,0,2,0,0,0,0,0,32,0,0,0,0,3,1,13,0
Oumar_Niasse,17,0,0,0,14,1,0,314,1,18673,2,81,2,0,10,0,0,0,2,0,32,0,7,2,0,1,3,5295,0
Oviemuno_Ejaria,0,0,0,0,0,0,0,316,0,19110,0,0,0,0,14,0,0,0,0,0,32,0,0,0,0,2,1,3,0
Pablo_Maffeo,0,0,0,0,0,0,0,314,0,19056,0,0,0,0,7,0,0,0,0,0,32,0,0,0,0,1,3,0,0
Pablo_Zabaleta,0,0,0,0,0,0,0,314,0,18749,0,0,0,0,7,0,0,0,0,0,32,0,0,0,0,1,3,176,0
Pape_Souar�,0,0,0,0,0,0,0,312,0,18636,0,0,0,0,1,0,0,0,0,0,32,0,0,0,0,0,3,5,0
Papy_Djilobodji,0,0,0,0,0,0,0,317,0,19027,0,0,0,0,11,0,0,0,0,0,32,0,0,0,0,3,0,22,0
Patrick_Bamford,2,0,0,0,1,0,0,315,0,19081,0,8,0,0,3,0,0,0,1,0,32,0,0,0,0,0,0,53,0
Patrick_McNair,0,0,0,0,0,0,0,317,0,18777,0,0,0,0,11,0,0,0,0,0,32,0,0,0,0,3,0,4,0
Patrick_van Aanholt,0,0,0,0,0,0,0,312,0,18872,0,0,0,0,1,0,0,0,0,0,32,0,0,0,0,0,3,269,0
Paulo_Gazzaniga,0,0,0,0,0,0,0,319,0,18823,0,0,0,0,19,0,0,0,0,0,32,0,0,0,0,1,0,7,0
Paul_Pogba,87,0,0,1,78,2,0,317,1,19031,1,90,0,0,15,0,0,0,6,0,32,0,2,0,2,3,0,4914,0
Paul_Robinson,0,0,0,0,0,0,0,315,0,19000,0,0,0,0,12,0,0,0,0,0,32,0,0,0,0,0,0,252,0
Pau_L�pez Sabata,0,0,0,0,0,0,0,318,0,19092,0,0,0,0,18,0,0,0,0,0,32,0,0,0,0,0,4,39,0
Pedro_Chirivella,0,0,0,0,0,0,0,316,0,18739,0,0,0,0,14,0,0,0,0,0,32,0,0,0,0,2,1,6,0
Pedro_Obiang,0,0,0,0,0,0,0,320,0,18988,0,0,0,0,16,0,0,0,0,0,32,0,0,0,0,0,1,19,0
Pedro_Rodr�guez Ledesma,38,0,0,2,34,2,0,311,1,18618,3,87,1,0,2,0,0,0,7,0,32,0,2,0,1,3,1,16424,1
Per_Mertesacker,0,0,0,0,0,0,0,312,0,18532,0,0,0,0,5,0,0,0,0,0,32,0,0,0,0,0,3,57,0
Peter_Crouch,0,0,0,0,0,0,0,316,0,18864,0,0,0,0,9,0,0,0,0,0,32,0,0,0,0,2,1,3905,0
Petr_Cech,0,0,0,0,0,0,0,312,0,18530,0,0,0,0,5,0,0,0,0,0,32,0,0,0,0,0,3,148,0
Philippe_Coutinho,21,0,0,0,20,0,0,316,0,18731,3,45,0,0,14,0,0,0,3,0,32,0,1,0,0,2,1,33315,0
Philipp_Wollscheid,0,0,0,0,0,0,0,316,0,18852,0,0,0,0,9,0,0,0,0,0,32,0,0,0,0,2,1,0,0
Phil_Bardsley,0,0,0,0,0,0,0,316,0,18851,0,0,0,0,9,0,0,0,0,0,32,0,0,0,0,2,1,50,0
Phil_Jagielka,72,1,0,7,60,0,0,313,0,18655,1,90,0,1,8,0,0,0,4,0,32,0,0,1,0,2,4,29956,0
Phil_Jones,0,0,0,0,0,0,0,317,0,18773,0,0,0,0,15,0,0,0,0,0,32,0,0,0,0,3,0,25,0
Pierre-Emile_H�jbjerg,85,0,0,7,75,1,0,319,1,18840,0,90,0,0,19,0,0,0,11,0,32,0,2,2,0,1,0,3083,0
Ragnar_Klavan,57,0,0,6,52,0,0,316,4,19002,0,90,0,0,14,0,0,0,3,0,32,0,0,0,0,2,1,321,1
Raheem_Sterling,62,0,0,0,53,4,0,314,0,18756,4,90,1,1,7,0,0,0,4,0,32,0,7,3,0,1,3,22402,0
Ramadan_Sobhi,7,0,0,0,4,0,0,316,0,19014,0,10,2,0,9,0,0,0,0,0,32,0,1,2,0,2,1,484,0
Ramiro_Funes Mori,0,0,0,0,0,0,0,313,0,18660,0,0,0,0,8,0,0,0,0,0,32,0,0,0,0,2,4,52,0
Raphael_Spiegel,0,0,0,0,0,0,0,320,0,19119,0,0,0,0,16,0,0,0,0,0,32,0,0,0,0,0,1,87,0
Reece_Burke,0,0,0,0,0,0,0,320,0,19062,0,0,0,0,16,0,0,0,0,0,32,0,0,0,0,0,1,4,0
Reece_Oxford,0,0,0,0,0,0,0,320,0,18983,0,0,0,0,16,0,0,0,0,0,32,0,0,0,0,0,1,0,0
Rekeem_Harper,0,0,0,0,0,0,0,319,0,19142,0,0,0,0,13,0,0,0,0,0,32,0,0,0,0,1,0,13,0
Rickie_Lambert,0,0,0,0,0,0,0,319,0,18975,0,0,0,0,13,0,0,0,0,0,32,0,0,0,0,1,0,11,0
Ritchie_de Laet,0,0,0,0,0,0,0,313,0,18699,0,0,0,0,6,0,0,0,0,0,32,0,0,0,0,2,4,3,0
Riyad_Mahrez,16,0,0,0,13,2,0,313,2,18704,2,30,0,1,6,0,0,0,0,0,32,0,3,0,0,2,4,1644,0
Robbie_Brady,22,0,0,3,17,2,0,315,1,19168,2,90,0,1,12,0,0,0,10,0,32,0,4,0,3,0,0,77,0
Robert Kenedy_Nunes do Nascimento,0,0,0,0,0,0,0,311,0,18622,0,0,0,0,2,0,0,0,0,0,32,0,0,0,0,3,1,2,0
Roberto_Firmino,29,0,0,1,25,1,0,316,0,18737,1,45,0,0,14,0,0,0,4,0,32,0,3,0,0,2,1,41335,1
Roberto_Pereyra,0,0,0,0,0,0,0,318,0,19067,0,0,0,0,17,0,0,0,0,0,32,0,0,0,0,0,4,7,0
Robert_Huth,30,0,0,9,19,0,0,313,2,18701,0,90,0,0,6,0,0,0,5,0,32,0,0,0,0,2,4,6765,1
Robert_Snodgrass,19,0,0,2,16,0,0,320,1,18683,1,70,0,0,16,0,0,0,9,0,32,0,0,3,0,0,1,6385,0
Rob_Holding,0,0,0,0,0,0,0,312,0,19012,0,0,0,0,5,0,0,0,0,0,32,0,0,0,0,0,3,59,0
Romelu_Lukaku,50,0,0,2,33,3,0,313,0,18671,0,90,0,0,8,0,0,0,0,0,32,0,2,0,1,2,4,30801,0
Ron-Robert_Zieler,0,0,0,0,0,0,0,313,0,18694,0,0,0,0,6,0,0,0,0,0,32,0,0,0,0,2,4,15,0
Ross_Barkley,65,1,1,0,58,4,0,313,2,18662,2,90,0,1,8,0,0,0,2,0,32,0,5,1,0,2,4,5835,0
Rouwen_Hennings,0,0,0,0,0,0,0,315,0,18599,0,0,0,0,12,0,0,0,0,0,32,0,0,0,0,0,0,6,0
Ruben_Loftus-Cheek,0,0,0,0,0,0,0,311,0,18616,0,0,0,0,2,0,0,0,0,0,32,0,0,0,0,3,1,6,0
Rudy_Gestede,21,0,0,0,11,0,0,315,0,19157,0,68,0,0,3,0,0,0,2,0,32,0,2,0,1,0,0,1651,0
Ryan_Allsop,0,0,0,0,0,0,0,311,0,19128,0,0,0,0,4,0,0,0,0,0,32,0,0,0,0,3,1,29,0
Ryan_Bertrand,65,0,0,2,59,0,0,319,1,18824,0,90,0,0,19,0,0,0,2,0,32,0,0,0,0,1,0,2299,0
Ryan_Fraser,29,0,0,3,21,0,0,311,0,19064,0,83,0,0,4,0,0,0,3,0,32,0,3,3,2,3,1,1041,0
Ryan_Mason,0,0,0,0,0,0,0,314,0,18924,0,0,0,0,10,0,0,0,0,0,32,0,0,0,0,1,3,2,0
Ryan_Shawcross,39,0,0,9,29,2,0,316,1,18846,0,90,1,0,9,0,0,0,5,0,32,0,1,1,0,2,1,594,0
Sadio_Man�,0,0,0,0,0,0,0,316,0,18740,0,0,0,0,14,0,0,0,0,0,32,0,0,0,0,2,1,702,0
Saido_Berahino,19,1,1,0,12,2,0,316,1,18976,1,90,0,0,9,0,0,0,3,0,32,0,0,2,0,2,1,560,0
Salom�n_Rond�n,24,0,2,3,11,0,0,319,2,18977,1,90,1,0,13,0,0,0,5,0,32,0,5,0,2,1,0,5835,0
Samir_Nasri,0,0,0,0,0,0,0,314,0,18757,0,0,0,0,7,0,0,0,0,0,32,0,0,0,0,1,3,10,0
Sam_Byram,38,0,0,7,25,1,0,320,3,18985,0,90,0,1,16,0,0,0,4,0,32,0,2,5,1,0,1,529,0
Sam_Clucas,25,0,0,4,18,0,0,314,0,18684,0,57,0,0,10,0,0,0,2,0,32,0,0,2,0,1,3,188,0
Sam_Field,0,0,0,0,0,0,0,319,0,19039,0,0,0,0,13,0,0,0,0,0,32,0,0,0,0,1,0,4,0
Sam_McQueen,7,0,0,3,6,0,0,319,0,19120,0,20,0,0,19,0,0,0,0,0,32,0,0,0,0,1,0,750,0
Sam_Vokes,8,0,1,0,1,0,0,315,0,18595,0,29,0,0,12,0,0,0,1,0,32,0,0,0,0,0,0,3510,0
Santiago_Cazorla,0,0,0,0,0,0,0,312,0,18543,0,0,0,0,5,0,0,0,0,0,32,0,0,0,0,0,3,14,0
Scott_Arfield,0,0,0,0,0,0,0,315,0,18591,0,0,0,0,12,0,0,0,0,0,32,0,0,0,0,0,0,23,0
Scott_Dann,0,0,0,0,0,0,0,312,0,18632,0,0,0,0,1,0,0,0,0,0,32,0,0,0,0,0,3,51,0
Seamus_Coleman,0,0,0,0,0,0,0,313,0,18654,0,0,0,0,8,0,0,0,0,0,32,0,0,0,0,2,4,1357,0
Sebastian_Larsson,13,0,0,5,11,0,0,317,2,18877,0,42,0,0,11,0,0,0,4,1,32,0,1,2,0,3,0,15,0
Sebastian_Pr�dl,0,0,0,0,0,0,0,318,0,18937,0,0,0,0,17,0,0,0,0,0,32,0,0,0,0,0,4,55,0
Serge_Gnabry,0,0,0,0,0,0,0,312,0,18547,0,0,0,0,5,0,0,0,0,0,32,0,0,0,0,0,3,4,0
Sergio_Ag�ero,37,0,0,0,32,1,0,314,0,18767,4,90,0,0,7,0,0,0,1,0,32,0,2,0,3,1,3,90834,0
Sergio_Romero,16,0,0,0,12,0,0,317,0,18771,0,90,0,0,15,0,0,0,11,0,32,4,0,0,0,3,0,7,0
Shane_Long,17,0,1,0,11,0,0,319,4,18841,0,90,0,0,19,0,0,0,2,0,32,0,1,0,1,1,0,1415,0
Shaun_MacDonald,0,0,0,0,0,0,0,311,0,18569,0,0,0,0,4,0,0,0,0,0,32,0,0,0,0,3,1,3,0
Shaun_Maloney,4,0,0,0,3,0,0,314,0,18690,2,9,0,0,10,0,0,0,0,0,32,0,1,1,0,1,3,23,0
Shay_Given,0,0,0,0,0,0,0,316,0,18843,0,0,0,0,9,0,0,0,0,0,32,0,0,0,0,2,1,41,0
Shinji_Okazaki,0,0,0,0,0,0,0,313,0,18714,0,0,0,0,6,0,0,0,0,0,32,0,0,0,0,2,4,1196,0
Shkodran_Mustafi,53,0,0,10,40,2,0,312,2,19083,0,90,0,0,5,0,0,0,9,0,32,0,1,0,0,0,3,10897,1
Simone_Zaza,0,0,0,0,0,0,0,320,0,19078,0,0,0,0,16,0,0,0,0,0,32,0,0,0,0,0,1,26,0
Simon_Francis,63,0,0,6,55,0,0,311,1,18559,0,90,0,0,4,0,0,0,6,0,32,0,0,0,0,3,1,403,0
Simon_Mignolet,29,0,0,3,9,0,0,316,0,18716,0,90,0,0,14,0,0,0,8,0,32,3,0,0,0,2,1,1270,0
Sofiane_Boufal,0,0,0,0,0,0,0,319,0,19079,0,0,0,0,19,0,0,0,0,0,32,0,0,0,0,1,0,11,0
Sofiane_Feghouli,9,0,0,0,5,1,0,320,0,18994,1,20,0,1,16,0,0,0,3,0,32,0,0,0,0,0,1,150,0
Stefano_Okaka,27,0,0,2,18,1,0,318,1,19080,1,83,0,0,17,0,0,0,2,0,32,0,3,1,0,0,4,117,0
Stephen_Ireland,0,0,0,0,0,0,0,316,0,18855,0,0,0,0,9,0,0,0,0,0,32,0,0,0,0,2,1,13,0
Stephen_Kingsley,0,0,0,0,0,0,0,320,0,18893,0,0,0,0,20,0,0,0,0,0,32,0,0,0,0,0,1,1639,0
Stephen_Ward,36,1,0,6,31,2,0,315,1,18585,1,90,0,2,12,0,0,0,5,0,32,0,0,1,0,0,0,1740,1
Steven_Berghuis,0,0,0,0,0,0,0,318,0,18949,0,0,0,0,17,0,0,0,0,0,32,0,0,0,0,0,4,1,0
Steven_Davis,0,0,0,0,0,0,0,319,0,18833,0,0,0,0,19,0,0,0,0,0,32,0,0,0,0,1,0,112,0
Steven_Defour,0,0,0,0,0,0,0,315,0,19053,0,0,0,0,12,0,0,0,0,0,32,0,0,0,0,0,0,17,0
Steven_Pienaar,0,0,0,0,0,0,0,317,0,19061,0,0,0,0,11,0,0,0,0,0,32,0,0,0,0,3,0,1,0
Steve_Cook,52,0,0,8,44,1,0,311,1,18560,0,90,0,0,4,0,0,0,4,0,32,0,0,0,0,3,1,5102,0
Steve_Mandanda,0,0,0,0,0,0,0,312,0,18630,0,0,0,0,1,0,0,0,0,0,32,0,0,0,0,0,3,20,0
Stewart_Downing,35,0,0,0,26,1,0,315,1,18810,2,90,0,1,3,0,0,0,9,0,32,0,1,0,1,0,0,199,0
Stuart_Taylor,0,0,0,0,0,0,0,319,0,19125,0,0,0,0,19,0,0,0,0,0,32,0,0,0,0,1,0,38,0
Sullay_Kaikai,0,0,0,0,0,0,0,312,0,19022,0,0,0,0,1,0,0,0,0,0,32,0,0,0,0,0,3,5,0
Sung-yueng_Ki,0,0,0,0,0,0,0,320,0,18900,0,0,0,0,20,0,0,0,0,0,32,0,0,0,0,0,1,20,0
S�bastien_Pocognoli,0,0,0,0,0,0,0,319,0,18962,0,0,0,0,13,0,0,0,0,0,32,0,0,0,0,1,0,1,0
Takuma_Asano,0,0,0,0,0,0,0,312,0,18556,0,0,0,0,5,0,0,0,0,0,32,0,0,0,0,0,3,5,0
Tendayi_Darikwa,0,0,0,0,0,0,0,315,0,18588,0,0,0,0,12,0,0,0,0,0,32,0,0,0,0,0,0,25,0
Theo_Walcott,15,0,0,2,7,3,0,312,0,18541,1,68,1,0,5,0,0,0,1,0,32,0,1,0,0,0,3,52847,0
Thibaud_Verlinden,0,0,0,0,0,0,0,316,0,19127,0,0,0,0,9,0,0,0,0,0,32,0,0,0,0,2,1,6,0
Thibaut_Courtois,15,0,0,1,6,0,0,311,0,18601,0,90,0,0,2,0,0,0,6,0,32,0,0,0,0,3,1,3870,0
Thomas_Edwards,0,0,0,0,0,0,0,316,0,19176,0,0,0,0,9,0,0,0,0,0,32,0,0,0,0,2,1,11,0
Thomas_Robson,0,0,0,0,0,0,0,317,0,19065,0,0,0,0,11,0,0,0,0,0,32,0,0,0,0,3,0,3,0
Timothy_Fosu-Mensah,0,0,0,0,0,0,0,317,0,18781,0,0,0,0,15,0,0,0,0,0,32,0,0,0,0,3,0,45,0
Toby_Alderweireld,48,0,0,9,44,0,0,318,0,18910,1,90,0,0,18,0,0,0,3,0,32,0,0,1,0,0,4,4905,0
Tokelo_Rantie,0,0,0,0,0,0,0,311,0,18578,0,0,0,0,4,0,0,0,0,0,32,0,0,0,0,3,1,11,0
Tommie_Hoban,0,0,0,0,0,0,0,318,0,19008,0,0,0,0,17,0,0,0,0,0,32,0,0,0,0,0,4,1,0
Tom_Carroll,29,0,0,1,21,0,0,320,0,18925,0,45,0,0,20,0,0,0,4,0,32,0,1,0,0,0,1,1494,0
Tom_Cleverley,39,0,0,3,35,0,0,318,1,18663,0,90,0,1,17,0,0,0,5,0,32,0,0,1,0,0,4,33,0
Tom_Davies,51,1,0,0,41,0,0,313,2,19040,1,90,0,0,8,0,0,0,5,0,32,0,3,0,0,2,4,5175,0
Tom_Heaton,29,0,0,0,10,0,0,315,0,18582,0,90,0,0,12,0,0,0,8,0,32,3,0,0,0,0,0,19229,0
Tom_Huddlestone,0,0,0,0,0,0,0,314,0,18688,0,0,0,0,10,0,0,0,0,0,32,0,0,0,0,1,3,17,0
Trent_Alexander-Arnold,25,0,0,2,12,0,0,316,0,19051,0,45,0,0,14,0,0,0,4,0,32,0,1,0,0,2,1,47,0
Troy_Deeney,8,0,0,0,6,0,0,318,0,18953,0,21,0,0,17,0,0,0,2,0,32,0,0,0,1,0,4,17513,0
Tyias_Browning,0,0,0,0,0,0,0,313,0,18658,0,0,0,0,8,0,0,0,0,0,32,0,0,0,0,2,4,87,0
Tyrone_Mings,0,0,0,0,0,0,0,311,0,18563,0,0,0,0,4,0,0,0,0,0,32,0,0,0,0,3,1,13,0
Valon_Behrami,0,0,0,0,0,0,0,318,0,18948,0,0,0,0,17,0,0,0,0,0,32,0,0,0,0,0,4,7,0
Victor_Anichebe,14,0,1,3,5,1,0,317,1,19103,1,90,1,0,11,0,0,0,1,0,32,0,2,0,0,3,0,7843,0
Victor_Moses,37,0,0,2,30,2,0,311,1,18620,1,90,0,0,2,0,0,0,4,0,32,0,2,0,1,3,1,1271,1
Victor_Wanyama,0,0,0,0,0,0,0,318,0,18928,0,0,0,0,18,0,0,0,0,0,32,0,0,0,0,0,4,186,0
Viktor_Fischer,0,0,0,0,0,0,0,315,0,18817,0,0,0,0,3,0,0,0,0,0,32,0,0,0,0,0,0,4,0
Vincent_Janssen,9,0,1,1,7,0,0,318,2,18933,1,60,1,0,18,0,0,0,0,0,32,0,2,1,1,0,4,1018,0
Vincent_Kompany,0,0,0,0,0,0,0,314,0,18750,0,0,0,0,7,0,0,0,0,0,32,0,0,0,0,1,3,1120,0
Virgil_van Dijk,0,0,0,0,0,0,0,319,0,18831,0,0,0,0,19,0,0,0,0,0,32,0,0,0,0,1,0,224,0
Vito_Mannone,0,0,0,0,0,0,0,317,0,18867,0,0,0,0,11,0,0,0,0,0,32,0,0,0,0,3,0,54,0
V�ctor_Vald�s,31,0,0,0,17,0,0,315,0,18802,0,90,0,0,3,0,0,0,10,0,32,2,0,0,0,0,0,8171,0
Wahbi_Khazri,0,0,0,0,0,0,0,317,0,18880,0,0,0,0,11,0,0,0,0,0,32,0,0,0,0,3,0,1,0
Wayne_Hennessey,28,0,0,0,18,0,0,312,0,18628,1,90,0,0,1,0,0,0,9,0,32,3,0,0,0,0,3,2133,0
Wayne_Rooney,0,0,0,0,0,0,0,317,0,18797,0,0,0,0,15,0,0,0,0,0,32,0,0,0,0,3,0,46,0
Wayne_Routledge,13,0,0,1,10,0,0,320,0,18897,0,45,0,1,20,0,0,0,1,0,32,0,3,0,0,0,1,2775,0
Wes_Morgan,0,0,0,0,0,0,0,313,0,18695,0,0,0,0,6,0,0,0,0,0,32,0,0,0,0,2,4,227,0
Wilfred_Ndidi,0,0,0,0,0,0,0,313,0,19156,0,0,0,0,6,0,0,0,0,0,32,0,0,0,0,2,4,8188,0
Wilfried_Bony,0,0,0,0,0,0,0,316,0,18768,0,0,0,0,9,0,0,0,0,0,32,0,0,0,0,2,1,47,0
Wilfried_Zaha,17,1,0,2,16,8,0,312,3,18639,4,87,0,1,1,0,0,0,9,0,32,0,8,2,1,0,3,58030,0
Willian_Borges Da Silva,1,0,0,0,0,0,0,311,0,18614,0,3,0,0,2,0,0,0,1,0,32,0,1,0,0,3,1,794,0
Willy_Caballero,0,0,0,0,0,0,0,314,0,18747,0,0,0,0,7,0,0,0,0,0,32,0,0,0,0,1,3,7842,0
Will_Keane,0,0,0,0,0,0,0,314,0,19085,0,0,0,0,10,0,0,0,0,0,32,0,0,0,0,1,3,83,0
Winston_Reid,0,0,0,0,0,0,0,320,0,18981,0,0,0,0,16,0,0,0,0,0,32,0,0,0,0,0,1,109,0
Xherdan_Shaqiri,25,1,0,2,18,2,0,316,1,18861,2,90,1,3,9,0,0,0,6,0,32,0,6,0,2,2,1,58,0
Yannick_Bolasie,0,0,0,0,0,0,0,313,0,18637,0,0,0,0,8,0,0,0,0,0,32,0,0,0,0,2,4,23,0
Yaya_Sanogo,0,0,0,0,0,0,0,312,0,18555,0,0,0,0,5,0,0,0,0,0,32,0,0,0,0,0,3,25,0
Yohan_Benalouane,19,0,0,8,15,1,0,313,1,18702,0,90,0,0,6,0,0,0,4,0,32,0,0,0,0,2,4,4562,0
Yohan_Cabaye,20,0,0,3,12,2,0,312,1,18646,1,73,1,1,1,0,0,0,8,0,32,0,1,0,1,0,3,98,0
Younes_Kaboul,0,0,0,0,0,0,0,318,0,18869,0,0,0,0,17,0,0,0,0,0,32,0,0,0,0,0,4,21,0
Zlatan_Ibrahimovic,41,0,0,1,31,0,0,317,3,18800,2,90,1,0,15,0,0,0,0,0,32,0,0,0,0,3,0,79242,0
�lvaro_Arbeloa,0,0,0,0,0,0,0,320,0,19096,0,0,0,0,16,0,0,0,0,0,32,0,0,0,0,0,1,41,0
�lvaro_Negredo,11,0,0,0,6,1,0,315,3,19006,0,33,1,0,3,0,0,0,0,0,32,0,0,0,0,0,0,37184,0
